cve_estado,estado,anio,comision_busqueda,fuente
01,AGUASCALIENTES,2010,0,"ODIM/UNAM (2020) Informe Comisiones Estatales de Búsqueda, Tabla 1; decretos/acuerdos de creación publicados en periódicos oficiales estatales"
01,AGUASCALIENTES,2011,0,"ODIM/UNAM (2020) Informe Comisiones Estatales de Búsqueda, Tabla 1; decretos/acuerdos de creación publicados en periódicos oficiales estatales"
01,AGUASCALIENTES,2012,0,"ODIM/UNAM (2020) Informe Comisiones Estatales de Búsqueda, Tabla 1; decretos/acuerdos de creación publicados en periódicos oficiales estatales"
01,AGUASCALIENTES,2013,0,"ODIM/UNAM (2020) Informe Comisiones Estatales de Búsqueda, Tabla 1; decretos/acuerdos de creación publicados en periódicos oficiales estatales"
01,AGUASCALIENTES,2014,0,"ODIM/UNAM (2020) Informe Comisiones Estatales de Búsqueda, Tabla 1; decretos/acuerdos de creación publicados en periódicos oficiales estatales"
01,AGUASCALIENTES,2015,0,"ODIM/UNAM (2020) Informe Comisiones Estatales de Búsqueda, Tabla 1; decretos/acuerdos de creación publicados en periódicos oficiales estatales"
01,AGUASCALIENTES,2016,0,"ODIM/UNAM (2020) Informe Comisiones Estatales de Búsqueda, Tabla 1; decretos/acuerdos de creación publicados en periódicos oficiales estatales"
01,AGUASCALIENTES,2017,0,"ODIM/UNAM (2020) Informe Comisiones Estatales de Búsqueda, Tabla 1; decretos/acuerdos de creación publicados en periódicos oficiales estatales"
01,AGUASCALIENTES,2018,0,"ODIM/UNAM (2020) Informe Comisiones Estatales de Búsqueda, Tabla 1; decretos/acuerdos de creación publicados en periódicos oficiales estatales"
01,AGUASCALIENTES,2019,1,"ODIM/UNAM (2020) Informe Comisiones Estatales de Búsqueda, Tabla 1; decretos/acuerdos de creación publicados en periódicos oficiales estatales"
01,AGUASCALIENTES,2020,1,"ODIM/UNAM (2020) Informe Comisiones Estatales de Búsqueda, Tabla 1; decretos/acuerdos de creación publicados en periódicos oficiales estatales"
01,AGUASCALIENTES,2021,1,"ODIM/UNAM (2020) Informe Comisiones Estatales de Búsqueda, Tabla 1; decretos/acuerdos de creación publicados en periódicos oficiales estatales"
01,AGUASCALIENTES,2022,1,"ODIM/UNAM (2020) Informe Comisiones Estatales de Búsqueda, Tabla 1; decretos/acuerdos de creación publicados en periódicos oficiales estatales"
01,AGUASCALIENTES,2023,1,"ODIM/UNAM (2020) Informe Comisiones Estatales de Búsqueda, Tabla 1; decretos/acuerdos de creación publicados en periódicos oficiales estatales"
01,AGUASCALIENTES,2024,1,"ODIM/UNAM (2020) Informe Comisiones Estatales de Búsqueda, Tabla 1; decretos/acuerdos de creación publicados en periódicos oficiales estatales"
02,BAJA CALIFORNIA,2010,0,"ODIM/UNAM (2020) Informe Comisiones Estatales de Búsqueda, Tabla 1; decretos/acuerdos de creación publicados en periódicos oficiales estatales"
02,BAJA CALIFORNIA,2011,0,"ODIM/UNAM (2020) Informe Comisiones Estatales de Búsqueda, Tabla 1; decretos/acuerdos de creación publicados en periódicos oficiales estatales"
02,BAJA CALIFORNIA,2012,0,"ODIM/UNAM (2020) Informe Comisiones Estatales de Búsqueda, Tabla 1; decretos/acuerdos de creación publicados en periódicos oficiales estatales"
02,BAJA CALIFORNIA,2013,0,"ODIM/UNAM (2020) Informe Comisiones Estatales de Búsqueda, Tabla 1; decretos/acuerdos de creación publicados en periódicos oficiales estatales"
02,BAJA CALIFORNIA,2014,0,"ODIM/UNAM (2020) Informe Comisiones Estatales de Búsqueda, Tabla 1; decretos/acuerdos de creación publicados en periódicos oficiales estatales"
02,BAJA CALIFORNIA,2015,0,"ODIM/UNAM (2020) Informe Comisiones Estatales de Búsqueda, Tabla 1; decretos/acuerdos de creación publicados en periódicos oficiales estatales"
02,BAJA CALIFORNIA,2016,0,"ODIM/UNAM (2020) Informe Comisiones Estatales de Búsqueda, Tabla 1; decretos/acuerdos de creación publicados en periódicos oficiales estatales"
02,BAJA CALIFORNIA,2017,0,"ODIM/UNAM (2020) Informe Comisiones Estatales de Búsqueda, Tabla 1; decretos/acuerdos de creación publicados en periódicos oficiales estatales"
02,BAJA CALIFORNIA,2018,1,"ODIM/UNAM (2020) Informe Comisiones Estatales de Búsqueda, Tabla 1; decretos/acuerdos de creación publicados en periódicos oficiales estatales"
02,BAJA CALIFORNIA,2019,1,"ODIM/UNAM (2020) Informe Comisiones Estatales de Búsqueda, Tabla 1; decretos/acuerdos de creación publicados en periódicos oficiales estatales"
02,BAJA CALIFORNIA,2020,1,"ODIM/UNAM (2020) Informe Comisiones Estatales de Búsqueda, Tabla 1; decretos/acuerdos de creación publicados en periódicos oficiales estatales"
02,BAJA CALIFORNIA,2021,1,"ODIM/UNAM (2020) Informe Comisiones Estatales de Búsqueda, Tabla 1; decretos/acuerdos de creación publicados en periódicos oficiales estatales"
02,BAJA CALIFORNIA,2022,1,"ODIM/UNAM (2020) Informe Comisiones Estatales de Búsqueda, Tabla 1; decretos/acuerdos de creación publicados en periódicos oficiales estatales"
02,BAJA CALIFORNIA,2023,1,"ODIM/UNAM (2020) Informe Comisiones Estatales de Búsqueda, Tabla 1; decretos/acuerdos de creación publicados en periódicos oficiales estatales"
02,BAJA CALIFORNIA,2024,1,"ODIM/UNAM (2020) Informe Comisiones Estatales de Búsqueda, Tabla 1; decretos/acuerdos de creación publicados en periódicos oficiales estatales"
03,BAJA CALIFORNIA SUR,2010,0,"ODIM/UNAM (2020) Informe Comisiones Estatales de Búsqueda, Tabla 1; decretos/acuerdos de creación publicados en periódicos oficiales estatales"
03,BAJA CALIFORNIA SUR,2011,0,"ODIM/UNAM (2020) Informe Comisiones Estatales de Búsqueda, Tabla 1; decretos/acuerdos de creación publicados en periódicos oficiales estatales"
03,BAJA CALIFORNIA SUR,2012,0,"ODIM/UNAM (2020) Informe Comisiones Estatales de Búsqueda, Tabla 1; decretos/acuerdos de creación publicados en periódicos oficiales estatales"
03,BAJA CALIFORNIA SUR,2013,0,"ODIM/UNAM (2020) Informe Comisiones Estatales de Búsqueda, Tabla 1; decretos/acuerdos de creación publicados en periódicos oficiales estatales"
03,BAJA CALIFORNIA SUR,2014,0,"ODIM/UNAM (2020) Informe Comisiones Estatales de Búsqueda, Tabla 1; decretos/acuerdos de creación publicados en periódicos oficiales estatales"
03,BAJA CALIFORNIA SUR,2015,0,"ODIM/UNAM (2020) Informe Comisiones Estatales de Búsqueda, Tabla 1; decretos/acuerdos de creación publicados en periódicos oficiales estatales"
03,BAJA CALIFORNIA SUR,2016,0,"ODIM/UNAM (2020) Informe Comisiones Estatales de Búsqueda, Tabla 1; decretos/acuerdos de creación publicados en periódicos oficiales estatales"
03,BAJA CALIFORNIA SUR,2017,0,"ODIM/UNAM (2020) Informe Comisiones Estatales de Búsqueda, Tabla 1; decretos/acuerdos de creación publicados en periódicos oficiales estatales"
03,BAJA CALIFORNIA SUR,2018,0,"ODIM/UNAM (2020) Informe Comisiones Estatales de Búsqueda, Tabla 1; decretos/acuerdos de creación publicados en periódicos oficiales estatales"
03,BAJA CALIFORNIA SUR,2019,1,"ODIM/UNAM (2020) Informe Comisiones Estatales de Búsqueda, Tabla 1; decretos/acuerdos de creación publicados en periódicos oficiales estatales"
03,BAJA CALIFORNIA SUR,2020,1,"ODIM/UNAM (2020) Informe Comisiones Estatales de Búsqueda, Tabla 1; decretos/acuerdos de creación publicados en periódicos oficiales estatales"
03,BAJA CALIFORNIA SUR,2021,1,"ODIM/UNAM (2020) Informe Comisiones Estatales de Búsqueda, Tabla 1; decretos/acuerdos de creación publicados en periódicos oficiales estatales"
03,BAJA CALIFORNIA SUR,2022,1,"ODIM/UNAM (2020) Informe Comisiones Estatales de Búsqueda, Tabla 1; decretos/acuerdos de creación publicados en periódicos oficiales estatales"
03,BAJA CALIFORNIA SUR,2023,1,"ODIM/UNAM (2020) Informe Comisiones Estatales de Búsqueda, Tabla 1; decretos/acuerdos de creación publicados en periódicos oficiales estatales"
03,BAJA CALIFORNIA SUR,2024,1,"ODIM/UNAM (2020) Informe Comisiones Estatales de Búsqueda, Tabla 1; decretos/acuerdos de creación publicados en periódicos oficiales estatales"
04,CAMPECHE,2010,0,"ODIM/UNAM (2020) Informe Comisiones Estatales de Búsqueda, Tabla 1; decretos/acuerdos de creación publicados en periódicos oficiales estatales"
04,CAMPECHE,2011,0,"ODIM/UNAM (2020) Informe Comisiones Estatales de Búsqueda, Tabla 1; decretos/acuerdos de creación publicados en periódicos oficiales estatales"
04,CAMPECHE,2012,0,"ODIM/UNAM (2020) Informe Comisiones Estatales de Búsqueda, Tabla 1; decretos/acuerdos de creación publicados en periódicos oficiales estatales"
04,CAMPECHE,2013,0,"ODIM/UNAM (2020) Informe Comisiones Estatales de Búsqueda, Tabla 1; decretos/acuerdos de creación publicados en periódicos oficiales estatales"
04,CAMPECHE,2014,0,"ODIM/UNAM (2020) Informe Comisiones Estatales de Búsqueda, Tabla 1; decretos/acuerdos de creación publicados en periódicos oficiales estatales"
04,CAMPECHE,2015,0,"ODIM/UNAM (2020) Informe Comisiones Estatales de Búsqueda, Tabla 1; decretos/acuerdos de creación publicados en periódicos oficiales estatales"
04,CAMPECHE,2016,0,"ODIM/UNAM (2020) Informe Comisiones Estatales de Búsqueda, Tabla 1; decretos/acuerdos de creación publicados en periódicos oficiales estatales"
04,CAMPECHE,2017,0,"ODIM/UNAM (2020) Informe Comisiones Estatales de Búsqueda, Tabla 1; decretos/acuerdos de creación publicados en periódicos oficiales estatales"
04,CAMPECHE,2018,0,"ODIM/UNAM (2020) Informe Comisiones Estatales de Búsqueda, Tabla 1; decretos/acuerdos de creación publicados en periódicos oficiales estatales"
04,CAMPECHE,2019,1,"ODIM/UNAM (2020) Informe Comisiones Estatales de Búsqueda, Tabla 1; decretos/acuerdos de creación publicados en periódicos oficiales estatales"
04,CAMPECHE,2020,1,"ODIM/UNAM (2020) Informe Comisiones Estatales de Búsqueda, Tabla 1; decretos/acuerdos de creación publicados en periódicos oficiales estatales"
04,CAMPECHE,2021,1,"ODIM/UNAM (2020) Informe Comisiones Estatales de Búsqueda, Tabla 1; decretos/acuerdos de creación publicados en periódicos oficiales estatales"
04,CAMPECHE,2022,1,"ODIM/UNAM (2020) Informe Comisiones Estatales de Búsqueda, Tabla 1; decretos/acuerdos de creación publicados en periódicos oficiales estatales"
04,CAMPECHE,2023,1,"ODIM/UNAM (2020) Informe Comisiones Estatales de Búsqueda, Tabla 1; decretos/acuerdos de creación publicados en periódicos oficiales estatales"
04,CAMPECHE,2024,1,"ODIM/UNAM (2020) Informe Comisiones Estatales de Búsqueda, Tabla 1; decretos/acuerdos de creación publicados en periódicos oficiales estatales"
05,COAHUILA,2010,0,"ODIM/UNAM (2020) Informe Comisiones Estatales de Búsqueda, Tabla 1; decretos/acuerdos de creación publicados en periódicos oficiales estatales"
05,COAHUILA,2011,0,"ODIM/UNAM (2020) Informe Comisiones Estatales de Búsqueda, Tabla 1; decretos/acuerdos de creación publicados en periódicos oficiales estatales"
05,COAHUILA,2012,0,"ODIM/UNAM (2020) Informe Comisiones Estatales de Búsqueda, Tabla 1; decretos/acuerdos de creación publicados en periódicos oficiales estatales"
05,COAHUILA,2013,0,"ODIM/UNAM (2020) Informe Comisiones Estatales de Búsqueda, Tabla 1; decretos/acuerdos de creación publicados en periódicos oficiales estatales"
05,COAHUILA,2014,0,"ODIM/UNAM (2020) Informe Comisiones Estatales de Búsqueda, Tabla 1; decretos/acuerdos de creación publicados en periódicos oficiales estatales"
05,COAHUILA,2015,0,"ODIM/UNAM (2020) Informe Comisiones Estatales de Búsqueda, Tabla 1; decretos/acuerdos de creación publicados en periódicos oficiales estatales"
05,COAHUILA,2016,0,"ODIM/UNAM (2020) Informe Comisiones Estatales de Búsqueda, Tabla 1; decretos/acuerdos de creación publicados en periódicos oficiales estatales"
05,COAHUILA,2017,0,"ODIM/UNAM (2020) Informe Comisiones Estatales de Búsqueda, Tabla 1; decretos/acuerdos de creación publicados en periódicos oficiales estatales"
05,COAHUILA,2018,1,"ODIM/UNAM (2020) Informe Comisiones Estatales de Búsqueda, Tabla 1; decretos/acuerdos de creación publicados en periódicos oficiales estatales"
05,COAHUILA,2019,1,"ODIM/UNAM (2020) Informe Comisiones Estatales de Búsqueda, Tabla 1; decretos/acuerdos de creación publicados en periódicos oficiales estatales"
05,COAHUILA,2020,1,"ODIM/UNAM (2020) Informe Comisiones Estatales de Búsqueda, Tabla 1; decretos/acuerdos de creación publicados en periódicos oficiales estatales"
05,COAHUILA,2021,1,"ODIM/UNAM (2020) Informe Comisiones Estatales de Búsqueda, Tabla 1; decretos/acuerdos de creación publicados en periódicos oficiales estatales"
05,COAHUILA,2022,1,"ODIM/UNAM (2020) Informe Comisiones Estatales de Búsqueda, Tabla 1; decretos/acuerdos de creación publicados en periódicos oficiales estatales"
05,COAHUILA,2023,1,"ODIM/UNAM (2020) Informe Comisiones Estatales de Búsqueda, Tabla 1; decretos/acuerdos de creación publicados en periódicos oficiales estatales"
05,COAHUILA,2024,1,"ODIM/UNAM (2020) Informe Comisiones Estatales de Búsqueda, Tabla 1; decretos/acuerdos de creación publicados en periódicos oficiales estatales"
06,COLIMA,2010,0,"ODIM/UNAM (2020) Informe Comisiones Estatales de Búsqueda, Tabla 1; decretos/acuerdos de creación publicados en periódicos oficiales estatales"
06,COLIMA,2011,0,"ODIM/UNAM (2020) Informe Comisiones Estatales de Búsqueda, Tabla 1; decretos/acuerdos de creación publicados en periódicos oficiales estatales"
06,COLIMA,2012,0,"ODIM/UNAM (2020) Informe Comisiones Estatales de Búsqueda, Tabla 1; decretos/acuerdos de creación publicados en periódicos oficiales estatales"
06,COLIMA,2013,0,"ODIM/UNAM (2020) Informe Comisiones Estatales de Búsqueda, Tabla 1; decretos/acuerdos de creación publicados en periódicos oficiales estatales"
06,COLIMA,2014,0,"ODIM/UNAM (2020) Informe Comisiones Estatales de Búsqueda, Tabla 1; decretos/acuerdos de creación publicados en periódicos oficiales estatales"
06,COLIMA,2015,0,"ODIM/UNAM (2020) Informe Comisiones Estatales de Búsqueda, Tabla 1; decretos/acuerdos de creación publicados en periódicos oficiales estatales"
06,COLIMA,2016,0,"ODIM/UNAM (2020) Informe Comisiones Estatales de Búsqueda, Tabla 1; decretos/acuerdos de creación publicados en periódicos oficiales estatales"
06,COLIMA,2017,0,"ODIM/UNAM (2020) Informe Comisiones Estatales de Búsqueda, Tabla 1; decretos/acuerdos de creación publicados en periódicos oficiales estatales"
06,COLIMA,2018,0,"ODIM/UNAM (2020) Informe Comisiones Estatales de Búsqueda, Tabla 1; decretos/acuerdos de creación publicados en periódicos oficiales estatales"
06,COLIMA,2019,1,"ODIM/UNAM (2020) Informe Comisiones Estatales de Búsqueda, Tabla 1; decretos/acuerdos de creación publicados en periódicos oficiales estatales"
06,COLIMA,2020,1,"ODIM/UNAM (2020) Informe Comisiones Estatales de Búsqueda, Tabla 1; decretos/acuerdos de creación publicados en periódicos oficiales estatales"
06,COLIMA,2021,1,"ODIM/UNAM (2020) Informe Comisiones Estatales de Búsqueda, Tabla 1; decretos/acuerdos de creación publicados en periódicos oficiales estatales"
06,COLIMA,2022,1,"ODIM/UNAM (2020) Informe Comisiones Estatales de Búsqueda, Tabla 1; decretos/acuerdos de creación publicados en periódicos oficiales estatales"
06,COLIMA,2023,1,"ODIM/UNAM (2020) Informe Comisiones Estatales de Búsqueda, Tabla 1; decretos/acuerdos de creación publicados en periódicos oficiales estatales"
06,COLIMA,2024,1,"ODIM/UNAM (2020) Informe Comisiones Estatales de Búsqueda, Tabla 1; decretos/acuerdos de creación publicados en periódicos oficiales estatales"
07,CHIAPAS,2010,0,"ODIM/UNAM (2020) Informe Comisiones Estatales de Búsqueda, Tabla 1; decretos/acuerdos de creación publicados en periódicos oficiales estatales"
07,CHIAPAS,2011,0,"ODIM/UNAM (2020) Informe Comisiones Estatales de Búsqueda, Tabla 1; decretos/acuerdos de creación publicados en periódicos oficiales estatales"
07,CHIAPAS,2012,0,"ODIM/UNAM (2020) Informe Comisiones Estatales de Búsqueda, Tabla 1; decretos/acuerdos de creación publicados en periódicos oficiales estatales"
07,CHIAPAS,2013,0,"ODIM/UNAM (2020) Informe Comisiones Estatales de Búsqueda, Tabla 1; decretos/acuerdos de creación publicados en periódicos oficiales estatales"
07,CHIAPAS,2014,0,"ODIM/UNAM (2020) Informe Comisiones Estatales de Búsqueda, Tabla 1; decretos/acuerdos de creación publicados en periódicos oficiales estatales"
07,CHIAPAS,2015,0,"ODIM/UNAM (2020) Informe Comisiones Estatales de Búsqueda, Tabla 1; decretos/acuerdos de creación publicados en periódicos oficiales estatales"
07,CHIAPAS,2016,0,"ODIM/UNAM (2020) Informe Comisiones Estatales de Búsqueda, Tabla 1; decretos/acuerdos de creación publicados en periódicos oficiales estatales"
07,CHIAPAS,2017,0,"ODIM/UNAM (2020) Informe Comisiones Estatales de Búsqueda, Tabla 1; decretos/acuerdos de creación publicados en periódicos oficiales estatales"
07,CHIAPAS,2018,0,"ODIM/UNAM (2020) Informe Comisiones Estatales de Búsqueda, Tabla 1; decretos/acuerdos de creación publicados en periódicos oficiales estatales"
07,CHIAPAS,2019,1,"ODIM/UNAM (2020) Informe Comisiones Estatales de Búsqueda, Tabla 1; decretos/acuerdos de creación publicados en periódicos oficiales estatales"
07,CHIAPAS,2020,1,"ODIM/UNAM (2020) Informe Comisiones Estatales de Búsqueda, Tabla 1; decretos/acuerdos de creación publicados en periódicos oficiales estatales"
07,CHIAPAS,2021,1,"ODIM/UNAM (2020) Informe Comisiones Estatales de Búsqueda, Tabla 1; decretos/acuerdos de creación publicados en periódicos oficiales estatales"
07,CHIAPAS,2022,1,"ODIM/UNAM (2020) Informe Comisiones Estatales de Búsqueda, Tabla 1; decretos/acuerdos de creación publicados en periódicos oficiales estatales"
07,CHIAPAS,2023,1,"ODIM/UNAM (2020) Informe Comisiones Estatales de Búsqueda, Tabla 1; decretos/acuerdos de creación publicados en periódicos oficiales estatales"
07,CHIAPAS,2024,1,"ODIM/UNAM (2020) Informe Comisiones Estatales de Búsqueda, Tabla 1; decretos/acuerdos de creación publicados en periódicos oficiales estatales"
08,CHIHUAHUA,2010,0,"ODIM/UNAM (2020) Informe Comisiones Estatales de Búsqueda, Tabla 1; decretos/acuerdos de creación publicados en periódicos oficiales estatales"
08,CHIHUAHUA,2011,0,"ODIM/UNAM (2020) Informe Comisiones Estatales de Búsqueda, Tabla 1; decretos/acuerdos de creación publicados en periódicos oficiales estatales"
08,CHIHUAHUA,2012,0,"ODIM/UNAM (2020) Informe Comisiones Estatales de Búsqueda, Tabla 1; decretos/acuerdos de creación publicados en periódicos oficiales estatales"
08,CHIHUAHUA,2013,0,"ODIM/UNAM (2020) Informe Comisiones Estatales de Búsqueda, Tabla 1; decretos/acuerdos de creación publicados en periódicos oficiales estatales"
08,CHIHUAHUA,2014,0,"ODIM/UNAM (2020) Informe Comisiones Estatales de Búsqueda, Tabla 1; decretos/acuerdos de creación publicados en periódicos oficiales estatales"
08,CHIHUAHUA,2015,0,"ODIM/UNAM (2020) Informe Comisiones Estatales de Búsqueda, Tabla 1; decretos/acuerdos de creación publicados en periódicos oficiales estatales"
08,CHIHUAHUA,2016,0,"ODIM/UNAM (2020) Informe Comisiones Estatales de Búsqueda, Tabla 1; decretos/acuerdos de creación publicados en periódicos oficiales estatales"
08,CHIHUAHUA,2017,0,"ODIM/UNAM (2020) Informe Comisiones Estatales de Búsqueda, Tabla 1; decretos/acuerdos de creación publicados en periódicos oficiales estatales"
08,CHIHUAHUA,2018,1,"ODIM/UNAM (2020) Informe Comisiones Estatales de Búsqueda, Tabla 1; decretos/acuerdos de creación publicados en periódicos oficiales estatales"
08,CHIHUAHUA,2019,1,"ODIM/UNAM (2020) Informe Comisiones Estatales de Búsqueda, Tabla 1; decretos/acuerdos de creación publicados en periódicos oficiales estatales"
08,CHIHUAHUA,2020,1,"ODIM/UNAM (2020) Informe Comisiones Estatales de Búsqueda, Tabla 1; decretos/acuerdos de creación publicados en periódicos oficiales estatales"
08,CHIHUAHUA,2021,1,"ODIM/UNAM (2020) Informe Comisiones Estatales de Búsqueda, Tabla 1; decretos/acuerdos de creación publicados en periódicos oficiales estatales"
08,CHIHUAHUA,2022,1,"ODIM/UNAM (2020) Informe Comisiones Estatales de Búsqueda, Tabla 1; decretos/acuerdos de creación publicados en periódicos oficiales estatales"
08,CHIHUAHUA,2023,1,"ODIM/UNAM (2020) Informe Comisiones Estatales de Búsqueda, Tabla 1; decretos/acuerdos de creación publicados en periódicos oficiales estatales"
08,CHIHUAHUA,2024,1,"ODIM/UNAM (2020) Informe Comisiones Estatales de Búsqueda, Tabla 1; decretos/acuerdos de creación publicados en periódicos oficiales estatales"
09,CIUDAD DE MEXICO,2010,0,"ODIM/UNAM (2020) Informe Comisiones Estatales de Búsqueda, Tabla 1; decretos/acuerdos de creación publicados en periódicos oficiales estatales"
09,CIUDAD DE MEXICO,2011,0,"ODIM/UNAM (2020) Informe Comisiones Estatales de Búsqueda, Tabla 1; decretos/acuerdos de creación publicados en periódicos oficiales estatales"
09,CIUDAD DE MEXICO,2012,0,"ODIM/UNAM (2020) Informe Comisiones Estatales de Búsqueda, Tabla 1; decretos/acuerdos de creación publicados en periódicos oficiales estatales"
09,CIUDAD DE MEXICO,2013,0,"ODIM/UNAM (2020) Informe Comisiones Estatales de Búsqueda, Tabla 1; decretos/acuerdos de creación publicados en periódicos oficiales estatales"
09,CIUDAD DE MEXICO,2014,0,"ODIM/UNAM (2020) Informe Comisiones Estatales de Búsqueda, Tabla 1; decretos/acuerdos de creación publicados en periódicos oficiales estatales"
09,CIUDAD DE MEXICO,2015,0,"ODIM/UNAM (2020) Informe Comisiones Estatales de Búsqueda, Tabla 1; decretos/acuerdos de creación publicados en periódicos oficiales estatales"
09,CIUDAD DE MEXICO,2016,0,"ODIM/UNAM (2020) Informe Comisiones Estatales de Búsqueda, Tabla 1; decretos/acuerdos de creación publicados en periódicos oficiales estatales"
09,CIUDAD DE MEXICO,2017,0,"ODIM/UNAM (2020) Informe Comisiones Estatales de Búsqueda, Tabla 1; decretos/acuerdos de creación publicados en periódicos oficiales estatales"
09,CIUDAD DE MEXICO,2018,0,"ODIM/UNAM (2020) Informe Comisiones Estatales de Búsqueda, Tabla 1; decretos/acuerdos de creación publicados en periódicos oficiales estatales"
09,CIUDAD DE MEXICO,2019,1,"ODIM/UNAM (2020) Informe Comisiones Estatales de Búsqueda, Tabla 1; decretos/acuerdos de creación publicados en periódicos oficiales estatales"
09,CIUDAD DE MEXICO,2020,1,"ODIM/UNAM (2020) Informe Comisiones Estatales de Búsqueda, Tabla 1; decretos/acuerdos de creación publicados en periódicos oficiales estatales"
09,CIUDAD DE MEXICO,2021,1,"ODIM/UNAM (2020) Informe Comisiones Estatales de Búsqueda, Tabla 1; decretos/acuerdos de creación publicados en periódicos oficiales estatales"
09,CIUDAD DE MEXICO,2022,1,"ODIM/UNAM (2020) Informe Comisiones Estatales de Búsqueda, Tabla 1; decretos/acuerdos de creación publicados en periódicos oficiales estatales"
09,CIUDAD DE MEXICO,2023,1,"ODIM/UNAM (2020) Informe Comisiones Estatales de Búsqueda, Tabla 1; decretos/acuerdos de creación publicados en periódicos oficiales estatales"
09,CIUDAD DE MEXICO,2024,1,"ODIM/UNAM (2020) Informe Comisiones Estatales de Búsqueda, Tabla 1; decretos/acuerdos de creación publicados en periódicos oficiales estatales"
10,DURANGO,2010,0,"ODIM/UNAM (2020) Informe Comisiones Estatales de Búsqueda, Tabla 1; decretos/acuerdos de creación publicados en periódicos oficiales estatales"
10,DURANGO,2011,0,"ODIM/UNAM (2020) Informe Comisiones Estatales de Búsqueda, Tabla 1; decretos/acuerdos de creación publicados en periódicos oficiales estatales"
10,DURANGO,2012,0,"ODIM/UNAM (2020) Informe Comisiones Estatales de Búsqueda, Tabla 1; decretos/acuerdos de creación publicados en periódicos oficiales estatales"
10,DURANGO,2013,0,"ODIM/UNAM (2020) Informe Comisiones Estatales de Búsqueda, Tabla 1; decretos/acuerdos de creación publicados en periódicos oficiales estatales"
10,DURANGO,2014,0,"ODIM/UNAM (2020) Informe Comisiones Estatales de Búsqueda, Tabla 1; decretos/acuerdos de creación publicados en periódicos oficiales estatales"
10,DURANGO,2015,0,"ODIM/UNAM (2020) Informe Comisiones Estatales de Búsqueda, Tabla 1; decretos/acuerdos de creación publicados en periódicos oficiales estatales"
10,DURANGO,2016,0,"ODIM/UNAM (2020) Informe Comisiones Estatales de Búsqueda, Tabla 1; decretos/acuerdos de creación publicados en periódicos oficiales estatales"
10,DURANGO,2017,0,"ODIM/UNAM (2020) Informe Comisiones Estatales de Búsqueda, Tabla 1; decretos/acuerdos de creación publicados en periódicos oficiales estatales"
10,DURANGO,2018,0,"ODIM/UNAM (2020) Informe Comisiones Estatales de Búsqueda, Tabla 1; decretos/acuerdos de creación publicados en periódicos oficiales estatales"
10,DURANGO,2019,1,"ODIM/UNAM (2020) Informe Comisiones Estatales de Búsqueda, Tabla 1; decretos/acuerdos de creación publicados en periódicos oficiales estatales"
10,DURANGO,2020,1,"ODIM/UNAM (2020) Informe Comisiones Estatales de Búsqueda, Tabla 1; decretos/acuerdos de creación publicados en periódicos oficiales estatales"
10,DURANGO,2021,1,"ODIM/UNAM (2020) Informe Comisiones Estatales de Búsqueda, Tabla 1; decretos/acuerdos de creación publicados en periódicos oficiales estatales"
10,DURANGO,2022,1,"ODIM/UNAM (2020) Informe Comisiones Estatales de Búsqueda, Tabla 1; decretos/acuerdos de creación publicados en periódicos oficiales estatales"
10,DURANGO,2023,1,"ODIM/UNAM (2020) Informe Comisiones Estatales de Búsqueda, Tabla 1; decretos/acuerdos de creación publicados en periódicos oficiales estatales"
10,DURANGO,2024,1,"ODIM/UNAM (2020) Informe Comisiones Estatales de Búsqueda, Tabla 1; decretos/acuerdos de creación publicados en periódicos oficiales estatales"
11,GUANAJUATO,2010,0,"ODIM/UNAM (2020) Informe Comisiones Estatales de Búsqueda, Tabla 1; decretos/acuerdos de creación publicados en periódicos oficiales estatales"
11,GUANAJUATO,2011,0,"ODIM/UNAM (2020) Informe Comisiones Estatales de Búsqueda, Tabla 1; decretos/acuerdos de creación publicados en periódicos oficiales estatales"
11,GUANAJUATO,2012,0,"ODIM/UNAM (2020) Informe Comisiones Estatales de Búsqueda, Tabla 1; decretos/acuerdos de creación publicados en periódicos oficiales estatales"
11,GUANAJUATO,2013,0,"ODIM/UNAM (2020) Informe Comisiones Estatales de Búsqueda, Tabla 1; decretos/acuerdos de creación publicados en periódicos oficiales estatales"
11,GUANAJUATO,2014,0,"ODIM/UNAM (2020) Informe Comisiones Estatales de Búsqueda, Tabla 1; decretos/acuerdos de creación publicados en periódicos oficiales estatales"
11,GUANAJUATO,2015,0,"ODIM/UNAM (2020) Informe Comisiones Estatales de Búsqueda, Tabla 1; decretos/acuerdos de creación publicados en periódicos oficiales estatales"
11,GUANAJUATO,2016,0,"ODIM/UNAM (2020) Informe Comisiones Estatales de Búsqueda, Tabla 1; decretos/acuerdos de creación publicados en periódicos oficiales estatales"
11,GUANAJUATO,2017,0,"ODIM/UNAM (2020) Informe Comisiones Estatales de Búsqueda, Tabla 1; decretos/acuerdos de creación publicados en periódicos oficiales estatales"
11,GUANAJUATO,2018,0,"ODIM/UNAM (2020) Informe Comisiones Estatales de Búsqueda, Tabla 1; decretos/acuerdos de creación publicados en periódicos oficiales estatales"
11,GUANAJUATO,2019,0,"ODIM/UNAM (2020) Informe Comisiones Estatales de Búsqueda, Tabla 1; decretos/acuerdos de creación publicados en periódicos oficiales estatales"
11,GUANAJUATO,2020,1,"ODIM/UNAM (2020) Informe Comisiones Estatales de Búsqueda, Tabla 1; decretos/acuerdos de creación publicados en periódicos oficiales estatales"
11,GUANAJUATO,2021,1,"ODIM/UNAM (2020) Informe Comisiones Estatales de Búsqueda, Tabla 1; decretos/acuerdos de creación publicados en periódicos oficiales estatales"
11,GUANAJUATO,2022,1,"ODIM/UNAM (2020) Informe Comisiones Estatales de Búsqueda, Tabla 1; decretos/acuerdos de creación publicados en periódicos oficiales estatales"
11,GUANAJUATO,2023,1,"ODIM/UNAM (2020) Informe Comisiones Estatales de Búsqueda, Tabla 1; decretos/acuerdos de creación publicados en periódicos oficiales estatales"
11,GUANAJUATO,2024,1,"ODIM/UNAM (2020) Informe Comisiones Estatales de Búsqueda, Tabla 1; decretos/acuerdos de creación publicados en periódicos oficiales estatales"
12,GUERRERO,2010,0,"ODIM/UNAM (2020) Informe Comisiones Estatales de Búsqueda, Tabla 1; decretos/acuerdos de creación publicados en periódicos oficiales estatales"
12,GUERRERO,2011,0,"ODIM/UNAM (2020) Informe Comisiones Estatales de Búsqueda, Tabla 1; decretos/acuerdos de creación publicados en periódicos oficiales estatales"
12,GUERRERO,2012,0,"ODIM/UNAM (2020) Informe Comisiones Estatales de Búsqueda, Tabla 1; decretos/acuerdos de creación publicados en periódicos oficiales estatales"
12,GUERRERO,2013,0,"ODIM/UNAM (2020) Informe Comisiones Estatales de Búsqueda, Tabla 1; decretos/acuerdos de creación publicados en periódicos oficiales estatales"
12,GUERRERO,2014,0,"ODIM/UNAM (2020) Informe Comisiones Estatales de Búsqueda, Tabla 1; decretos/acuerdos de creación publicados en periódicos oficiales estatales"
12,GUERRERO,2015,0,"ODIM/UNAM (2020) Informe Comisiones Estatales de Búsqueda, Tabla 1; decretos/acuerdos de creación publicados en periódicos oficiales estatales"
12,GUERRERO,2016,0,"ODIM/UNAM (2020) Informe Comisiones Estatales de Búsqueda, Tabla 1; decretos/acuerdos de creación publicados en periódicos oficiales estatales"
12,GUERRERO,2017,0,"ODIM/UNAM (2020) Informe Comisiones Estatales de Búsqueda, Tabla 1; decretos/acuerdos de creación publicados en periódicos oficiales estatales"
12,GUERRERO,2018,1,"ODIM/UNAM (2020) Informe Comisiones Estatales de Búsqueda, Tabla 1; decretos/acuerdos de creación publicados en periódicos oficiales estatales"
12,GUERRERO,2019,1,"ODIM/UNAM (2020) Informe Comisiones Estatales de Búsqueda, Tabla 1; decretos/acuerdos de creación publicados en periódicos oficiales estatales"
12,GUERRERO,2020,1,"ODIM/UNAM (2020) Informe Comisiones Estatales de Búsqueda, Tabla 1; decretos/acuerdos de creación publicados en periódicos oficiales estatales"
12,GUERRERO,2021,1,"ODIM/UNAM (2020) Informe Comisiones Estatales de Búsqueda, Tabla 1; decretos/acuerdos de creación publicados en periódicos oficiales estatales"
12,GUERRERO,2022,1,"ODIM/UNAM (2020) Informe Comisiones Estatales de Búsqueda, Tabla 1; decretos/acuerdos de creación publicados en periódicos oficiales estatales"
12,GUERRERO,2023,1,"ODIM/UNAM (2020) Informe Comisiones Estatales de Búsqueda, Tabla 1; decretos/acuerdos de creación publicados en periódicos oficiales estatales"
12,GUERRERO,2024,1,"ODIM/UNAM (2020) Informe Comisiones Estatales de Búsqueda, Tabla 1; decretos/acuerdos de creación publicados en periódicos oficiales estatales"
13,HIDALGO,2010,0,"ODIM/UNAM (2020) Informe Comisiones Estatales de Búsqueda, Tabla 1; decretos/acuerdos de creación publicados en periódicos oficiales estatales"
13,HIDALGO,2011,0,"ODIM/UNAM (2020) Informe Comisiones Estatales de Búsqueda, Tabla 1; decretos/acuerdos de creación publicados en periódicos oficiales estatales"
13,HIDALGO,2012,0,"ODIM/UNAM (2020) Informe Comisiones Estatales de Búsqueda, Tabla 1; decretos/acuerdos de creación publicados en periódicos oficiales estatales"
13,HIDALGO,2013,0,"ODIM/UNAM (2020) Informe Comisiones Estatales de Búsqueda, Tabla 1; decretos/acuerdos de creación publicados en periódicos oficiales estatales"
13,HIDALGO,2014,0,"ODIM/UNAM (2020) Informe Comisiones Estatales de Búsqueda, Tabla 1; decretos/acuerdos de creación publicados en periódicos oficiales estatales"
13,HIDALGO,2015,0,"ODIM/UNAM (2020) Informe Comisiones Estatales de Búsqueda, Tabla 1; decretos/acuerdos de creación publicados en periódicos oficiales estatales"
13,HIDALGO,2016,0,"ODIM/UNAM (2020) Informe Comisiones Estatales de Búsqueda, Tabla 1; decretos/acuerdos de creación publicados en periódicos oficiales estatales"
13,HIDALGO,2017,0,"ODIM/UNAM (2020) Informe Comisiones Estatales de Búsqueda, Tabla 1; decretos/acuerdos de creación publicados en periódicos oficiales estatales"
13,HIDALGO,2018,0,"ODIM/UNAM (2020) Informe Comisiones Estatales de Búsqueda, Tabla 1; decretos/acuerdos de creación publicados en periódicos oficiales estatales"
13,HIDALGO,2019,1,"ODIM/UNAM (2020) Informe Comisiones Estatales de Búsqueda, Tabla 1; decretos/acuerdos de creación publicados en periódicos oficiales estatales"
13,HIDALGO,2020,1,"ODIM/UNAM (2020) Informe Comisiones Estatales de Búsqueda, Tabla 1; decretos/acuerdos de creación publicados en periódicos oficiales estatales"
13,HIDALGO,2021,1,"ODIM/UNAM (2020) Informe Comisiones Estatales de Búsqueda, Tabla 1; decretos/acuerdos de creación publicados en periódicos oficiales estatales"
13,HIDALGO,2022,1,"ODIM/UNAM (2020) Informe Comisiones Estatales de Búsqueda, Tabla 1; decretos/acuerdos de creación publicados en periódicos oficiales estatales"
13,HIDALGO,2023,1,"ODIM/UNAM (2020) Informe Comisiones Estatales de Búsqueda, Tabla 1; decretos/acuerdos de creación publicados en periódicos oficiales estatales"
13,HIDALGO,2024,1,"ODIM/UNAM (2020) Informe Comisiones Estatales de Búsqueda, Tabla 1; decretos/acuerdos de creación publicados en periódicos oficiales estatales"
14,JALISCO,2010,0,"ODIM/UNAM (2020) Informe Comisiones Estatales de Búsqueda, Tabla 1; decretos/acuerdos de creación publicados en periódicos oficiales estatales"
14,JALISCO,2011,0,"ODIM/UNAM (2020) Informe Comisiones Estatales de Búsqueda, Tabla 1; decretos/acuerdos de creación publicados en periódicos oficiales estatales"
14,JALISCO,2012,0,"ODIM/UNAM (2020) Informe Comisiones Estatales de Búsqueda, Tabla 1; decretos/acuerdos de creación publicados en periódicos oficiales estatales"
14,JALISCO,2013,0,"ODIM/UNAM (2020) Informe Comisiones Estatales de Búsqueda, Tabla 1; decretos/acuerdos de creación publicados en periódicos oficiales estatales"
14,JALISCO,2014,0,"ODIM/UNAM (2020) Informe Comisiones Estatales de Búsqueda, Tabla 1; decretos/acuerdos de creación publicados en periódicos oficiales estatales"
14,JALISCO,2015,0,"ODIM/UNAM (2020) Informe Comisiones Estatales de Búsqueda, Tabla 1; decretos/acuerdos de creación publicados en periódicos oficiales estatales"
14,JALISCO,2016,0,"ODIM/UNAM (2020) Informe Comisiones Estatales de Búsqueda, Tabla 1; decretos/acuerdos de creación publicados en periódicos oficiales estatales"
14,JALISCO,2017,0,"ODIM/UNAM (2020) Informe Comisiones Estatales de Búsqueda, Tabla 1; decretos/acuerdos de creación publicados en periódicos oficiales estatales"
14,JALISCO,2018,1,"ODIM/UNAM (2020) Informe Comisiones Estatales de Búsqueda, Tabla 1; decretos/acuerdos de creación publicados en periódicos oficiales estatales"
14,JALISCO,2019,1,"ODIM/UNAM (2020) Informe Comisiones Estatales de Búsqueda, Tabla 1; decretos/acuerdos de creación publicados en periódicos oficiales estatales"
14,JALISCO,2020,1,"ODIM/UNAM (2020) Informe Comisiones Estatales de Búsqueda, Tabla 1; decretos/acuerdos de creación publicados en periódicos oficiales estatales"
14,JALISCO,2021,1,"ODIM/UNAM (2020) Informe Comisiones Estatales de Búsqueda, Tabla 1; decretos/acuerdos de creación publicados en periódicos oficiales estatales"
14,JALISCO,2022,1,"ODIM/UNAM (2020) Informe Comisiones Estatales de Búsqueda, Tabla 1; decretos/acuerdos de creación publicados en periódicos oficiales estatales"
14,JALISCO,2023,1,"ODIM/UNAM (2020) Informe Comisiones Estatales de Búsqueda, Tabla 1; decretos/acuerdos de creación publicados en periódicos oficiales estatales"
14,JALISCO,2024,1,"ODIM/UNAM (2020) Informe Comisiones Estatales de Búsqueda, Tabla 1; decretos/acuerdos de creación publicados en periódicos oficiales estatales"
15,ESTADO DE MEXICO,2010,0,"ODIM/UNAM (2020) Informe Comisiones Estatales de Búsqueda, Tabla 1; decretos/acuerdos de creación publicados en periódicos oficiales estatales"
15,ESTADO DE MEXICO,2011,0,"ODIM/UNAM (2020) Informe Comisiones Estatales de Búsqueda, Tabla 1; decretos/acuerdos de creación publicados en periódicos oficiales estatales"
15,ESTADO DE MEXICO,2012,0,"ODIM/UNAM (2020) Informe Comisiones Estatales de Búsqueda, Tabla 1; decretos/acuerdos de creación publicados en periódicos oficiales estatales"
15,ESTADO DE MEXICO,2013,0,"ODIM/UNAM (2020) Informe Comisiones Estatales de Búsqueda, Tabla 1; decretos/acuerdos de creación publicados en periódicos oficiales estatales"
15,ESTADO DE MEXICO,2014,0,"ODIM/UNAM (2020) Informe Comisiones Estatales de Búsqueda, Tabla 1; decretos/acuerdos de creación publicados en periódicos oficiales estatales"
15,ESTADO DE MEXICO,2015,0,"ODIM/UNAM (2020) Informe Comisiones Estatales de Búsqueda, Tabla 1; decretos/acuerdos de creación publicados en periódicos oficiales estatales"
15,ESTADO DE MEXICO,2016,0,"ODIM/UNAM (2020) Informe Comisiones Estatales de Búsqueda, Tabla 1; decretos/acuerdos de creación publicados en periódicos oficiales estatales"
15,ESTADO DE MEXICO,2017,0,"ODIM/UNAM (2020) Informe Comisiones Estatales de Búsqueda, Tabla 1; decretos/acuerdos de creación publicados en periódicos oficiales estatales"
15,ESTADO DE MEXICO,2018,1,"ODIM/UNAM (2020) Informe Comisiones Estatales de Búsqueda, Tabla 1; decretos/acuerdos de creación publicados en periódicos oficiales estatales"
15,ESTADO DE MEXICO,2019,1,"ODIM/UNAM (2020) Informe Comisiones Estatales de Búsqueda, Tabla 1; decretos/acuerdos de creación publicados en periódicos oficiales estatales"
15,ESTADO DE MEXICO,2020,1,"ODIM/UNAM (2020) Informe Comisiones Estatales de Búsqueda, Tabla 1; decretos/acuerdos de creación publicados en periódicos oficiales estatales"
15,ESTADO DE MEXICO,2021,1,"ODIM/UNAM (2020) Informe Comisiones Estatales de Búsqueda, Tabla 1; decretos/acuerdos de creación publicados en periódicos oficiales estatales"
15,ESTADO DE MEXICO,2022,1,"ODIM/UNAM (2020) Informe Comisiones Estatales de Búsqueda, Tabla 1; decretos/acuerdos de creación publicados en periódicos oficiales estatales"
15,ESTADO DE MEXICO,2023,1,"ODIM/UNAM (2020) Informe Comisiones Estatales de Búsqueda, Tabla 1; decretos/acuerdos de creación publicados en periódicos oficiales estatales"
15,ESTADO DE MEXICO,2024,1,"ODIM/UNAM (2020) Informe Comisiones Estatales de Búsqueda, Tabla 1; decretos/acuerdos de creación publicados en periódicos oficiales estatales"
16,MICHOACAN,2010,0,"ODIM/UNAM (2020) Informe Comisiones Estatales de Búsqueda, Tabla 1; decretos/acuerdos de creación publicados en periódicos oficiales estatales"
16,MICHOACAN,2011,0,"ODIM/UNAM (2020) Informe Comisiones Estatales de Búsqueda, Tabla 1; decretos/acuerdos de creación publicados en periódicos oficiales estatales"
16,MICHOACAN,2012,0,"ODIM/UNAM (2020) Informe Comisiones Estatales de Búsqueda, Tabla 1; decretos/acuerdos de creación publicados en periódicos oficiales estatales"
16,MICHOACAN,2013,0,"ODIM/UNAM (2020) Informe Comisiones Estatales de Búsqueda, Tabla 1; decretos/acuerdos de creación publicados en periódicos oficiales estatales"
16,MICHOACAN,2014,0,"ODIM/UNAM (2020) Informe Comisiones Estatales de Búsqueda, Tabla 1; decretos/acuerdos de creación publicados en periódicos oficiales estatales"
16,MICHOACAN,2015,0,"ODIM/UNAM (2020) Informe Comisiones Estatales de Búsqueda, Tabla 1; decretos/acuerdos de creación publicados en periódicos oficiales estatales"
16,MICHOACAN,2016,0,"ODIM/UNAM (2020) Informe Comisiones Estatales de Búsqueda, Tabla 1; decretos/acuerdos de creación publicados en periódicos oficiales estatales"
16,MICHOACAN,2017,0,"ODIM/UNAM (2020) Informe Comisiones Estatales de Búsqueda, Tabla 1; decretos/acuerdos de creación publicados en periódicos oficiales estatales"
16,MICHOACAN,2018,0,"ODIM/UNAM (2020) Informe Comisiones Estatales de Búsqueda, Tabla 1; decretos/acuerdos de creación publicados en periódicos oficiales estatales"
16,MICHOACAN,2019,1,"ODIM/UNAM (2020) Informe Comisiones Estatales de Búsqueda, Tabla 1; decretos/acuerdos de creación publicados en periódicos oficiales estatales"
16,MICHOACAN,2020,1,"ODIM/UNAM (2020) Informe Comisiones Estatales de Búsqueda, Tabla 1; decretos/acuerdos de creación publicados en periódicos oficiales estatales"
16,MICHOACAN,2021,1,"ODIM/UNAM (2020) Informe Comisiones Estatales de Búsqueda, Tabla 1; decretos/acuerdos de creación publicados en periódicos oficiales estatales"
16,MICHOACAN,2022,1,"ODIM/UNAM (2020) Informe Comisiones Estatales de Búsqueda, Tabla 1; decretos/acuerdos de creación publicados en periódicos oficiales estatales"
16,MICHOACAN,2023,1,"ODIM/UNAM (2020) Informe Comisiones Estatales de Búsqueda, Tabla 1; decretos/acuerdos de creación publicados en periódicos oficiales estatales"
16,MICHOACAN,2024,1,"ODIM/UNAM (2020) Informe Comisiones Estatales de Búsqueda, Tabla 1; decretos/acuerdos de creación publicados en periódicos oficiales estatales"
17,MORELOS,2010,0,"ODIM/UNAM (2020) Informe Comisiones Estatales de Búsqueda, Tabla 1; decretos/acuerdos de creación publicados en periódicos oficiales estatales"
17,MORELOS,2011,0,"ODIM/UNAM (2020) Informe Comisiones Estatales de Búsqueda, Tabla 1; decretos/acuerdos de creación publicados en periódicos oficiales estatales"
17,MORELOS,2012,0,"ODIM/UNAM (2020) Informe Comisiones Estatales de Búsqueda, Tabla 1; decretos/acuerdos de creación publicados en periódicos oficiales estatales"
17,MORELOS,2013,0,"ODIM/UNAM (2020) Informe Comisiones Estatales de Búsqueda, Tabla 1; decretos/acuerdos de creación publicados en periódicos oficiales estatales"
17,MORELOS,2014,0,"ODIM/UNAM (2020) Informe Comisiones Estatales de Búsqueda, Tabla 1; decretos/acuerdos de creación publicados en periódicos oficiales estatales"
17,MORELOS,2015,0,"ODIM/UNAM (2020) Informe Comisiones Estatales de Búsqueda, Tabla 1; decretos/acuerdos de creación publicados en periódicos oficiales estatales"
17,MORELOS,2016,0,"ODIM/UNAM (2020) Informe Comisiones Estatales de Búsqueda, Tabla 1; decretos/acuerdos de creación publicados en periódicos oficiales estatales"
17,MORELOS,2017,0,"ODIM/UNAM (2020) Informe Comisiones Estatales de Búsqueda, Tabla 1; decretos/acuerdos de creación publicados en periódicos oficiales estatales"
17,MORELOS,2018,0,"ODIM/UNAM (2020) Informe Comisiones Estatales de Búsqueda, Tabla 1; decretos/acuerdos de creación publicados en periódicos oficiales estatales"
17,MORELOS,2019,1,"ODIM/UNAM (2020) Informe Comisiones Estatales de Búsqueda, Tabla 1; decretos/acuerdos de creación publicados en periódicos oficiales estatales"
17,MORELOS,2020,1,"ODIM/UNAM (2020) Informe Comisiones Estatales de Búsqueda, Tabla 1; decretos/acuerdos de creación publicados en periódicos oficiales estatales"
17,MORELOS,2021,1,"ODIM/UNAM (2020) Informe Comisiones Estatales de Búsqueda, Tabla 1; decretos/acuerdos de creación publicados en periódicos oficiales estatales"
17,MORELOS,2022,1,"ODIM/UNAM (2020) Informe Comisiones Estatales de Búsqueda, Tabla 1; decretos/acuerdos de creación publicados en periódicos oficiales estatales"
17,MORELOS,2023,1,"ODIM/UNAM (2020) Informe Comisiones Estatales de Búsqueda, Tabla 1; decretos/acuerdos de creación publicados en periódicos oficiales estatales"
17,MORELOS,2024,1,"ODIM/UNAM (2020) Informe Comisiones Estatales de Búsqueda, Tabla 1; decretos/acuerdos de creación publicados en periódicos oficiales estatales"
18,NAYARIT,2010,0,"ODIM/UNAM (2020) Informe Comisiones Estatales de Búsqueda, Tabla 1; decretos/acuerdos de creación publicados en periódicos oficiales estatales"
18,NAYARIT,2011,0,"ODIM/UNAM (2020) Informe Comisiones Estatales de Búsqueda, Tabla 1; decretos/acuerdos de creación publicados en periódicos oficiales estatales"
18,NAYARIT,2012,0,"ODIM/UNAM (2020) Informe Comisiones Estatales de Búsqueda, Tabla 1; decretos/acuerdos de creación publicados en periódicos oficiales estatales"
18,NAYARIT,2013,0,"ODIM/UNAM (2020) Informe Comisiones Estatales de Búsqueda, Tabla 1; decretos/acuerdos de creación publicados en periódicos oficiales estatales"
18,NAYARIT,2014,0,"ODIM/UNAM (2020) Informe Comisiones Estatales de Búsqueda, Tabla 1; decretos/acuerdos de creación publicados en periódicos oficiales estatales"
18,NAYARIT,2015,0,"ODIM/UNAM (2020) Informe Comisiones Estatales de Búsqueda, Tabla 1; decretos/acuerdos de creación publicados en periódicos oficiales estatales"
18,NAYARIT,2016,0,"ODIM/UNAM (2020) Informe Comisiones Estatales de Búsqueda, Tabla 1; decretos/acuerdos de creación publicados en periódicos oficiales estatales"
18,NAYARIT,2017,0,"ODIM/UNAM (2020) Informe Comisiones Estatales de Búsqueda, Tabla 1; decretos/acuerdos de creación publicados en periódicos oficiales estatales"
18,NAYARIT,2018,1,"ODIM/UNAM (2020) Informe Comisiones Estatales de Búsqueda, Tabla 1; decretos/acuerdos de creación publicados en periódicos oficiales estatales"
18,NAYARIT,2019,1,"ODIM/UNAM (2020) Informe Comisiones Estatales de Búsqueda, Tabla 1; decretos/acuerdos de creación publicados en periódicos oficiales estatales"
18,NAYARIT,2020,1,"ODIM/UNAM (2020) Informe Comisiones Estatales de Búsqueda, Tabla 1; decretos/acuerdos de creación publicados en periódicos oficiales estatales"
18,NAYARIT,2021,1,"ODIM/UNAM (2020) Informe Comisiones Estatales de Búsqueda, Tabla 1; decretos/acuerdos de creación publicados en periódicos oficiales estatales"
18,NAYARIT,2022,1,"ODIM/UNAM (2020) Informe Comisiones Estatales de Búsqueda, Tabla 1; decretos/acuerdos de creación publicados en periódicos oficiales estatales"
18,NAYARIT,2023,1,"ODIM/UNAM (2020) Informe Comisiones Estatales de Búsqueda, Tabla 1; decretos/acuerdos de creación publicados en periódicos oficiales estatales"
18,NAYARIT,2024,1,"ODIM/UNAM (2020) Informe Comisiones Estatales de Búsqueda, Tabla 1; decretos/acuerdos de creación publicados en periódicos oficiales estatales"
19,NUEVO LEON,2010,0,"ODIM/UNAM (2020) Informe Comisiones Estatales de Búsqueda, Tabla 1; decretos/acuerdos de creación publicados en periódicos oficiales estatales"
19,NUEVO LEON,2011,0,"ODIM/UNAM (2020) Informe Comisiones Estatales de Búsqueda, Tabla 1; decretos/acuerdos de creación publicados en periódicos oficiales estatales"
19,NUEVO LEON,2012,0,"ODIM/UNAM (2020) Informe Comisiones Estatales de Búsqueda, Tabla 1; decretos/acuerdos de creación publicados en periódicos oficiales estatales"
19,NUEVO LEON,2013,0,"ODIM/UNAM (2020) Informe Comisiones Estatales de Búsqueda, Tabla 1; decretos/acuerdos de creación publicados en periódicos oficiales estatales"
19,NUEVO LEON,2014,0,"ODIM/UNAM (2020) Informe Comisiones Estatales de Búsqueda, Tabla 1; decretos/acuerdos de creación publicados en periódicos oficiales estatales"
19,NUEVO LEON,2015,0,"ODIM/UNAM (2020) Informe Comisiones Estatales de Búsqueda, Tabla 1; decretos/acuerdos de creación publicados en periódicos oficiales estatales"
19,NUEVO LEON,2016,0,"ODIM/UNAM (2020) Informe Comisiones Estatales de Búsqueda, Tabla 1; decretos/acuerdos de creación publicados en periódicos oficiales estatales"
19,NUEVO LEON,2017,0,"ODIM/UNAM (2020) Informe Comisiones Estatales de Búsqueda, Tabla 1; decretos/acuerdos de creación publicados en periódicos oficiales estatales"
19,NUEVO LEON,2018,1,"ODIM/UNAM (2020) Informe Comisiones Estatales de Búsqueda, Tabla 1; decretos/acuerdos de creación publicados en periódicos oficiales estatales"
19,NUEVO LEON,2019,1,"ODIM/UNAM (2020) Informe Comisiones Estatales de Búsqueda, Tabla 1; decretos/acuerdos de creación publicados en periódicos oficiales estatales"
19,NUEVO LEON,2020,1,"ODIM/UNAM (2020) Informe Comisiones Estatales de Búsqueda, Tabla 1; decretos/acuerdos de creación publicados en periódicos oficiales estatales"
19,NUEVO LEON,2021,1,"ODIM/UNAM (2020) Informe Comisiones Estatales de Búsqueda, Tabla 1; decretos/acuerdos de creación publicados en periódicos oficiales estatales"
19,NUEVO LEON,2022,1,"ODIM/UNAM (2020) Informe Comisiones Estatales de Búsqueda, Tabla 1; decretos/acuerdos de creación publicados en periódicos oficiales estatales"
19,NUEVO LEON,2023,1,"ODIM/UNAM (2020) Informe Comisiones Estatales de Búsqueda, Tabla 1; decretos/acuerdos de creación publicados en periódicos oficiales estatales"
19,NUEVO LEON,2024,1,"ODIM/UNAM (2020) Informe Comisiones Estatales de Búsqueda, Tabla 1; decretos/acuerdos de creación publicados en periódicos oficiales estatales"
20,OAXACA,2010,0,"ODIM/UNAM (2020) Informe Comisiones Estatales de Búsqueda, Tabla 1; decretos/acuerdos de creación publicados en periódicos oficiales estatales"
20,OAXACA,2011,0,"ODIM/UNAM (2020) Informe Comisiones Estatales de Búsqueda, Tabla 1; decretos/acuerdos de creación publicados en periódicos oficiales estatales"
20,OAXACA,2012,0,"ODIM/UNAM (2020) Informe Comisiones Estatales de Búsqueda, Tabla 1; decretos/acuerdos de creación publicados en periódicos oficiales estatales"
20,OAXACA,2013,0,"ODIM/UNAM (2020) Informe Comisiones Estatales de Búsqueda, Tabla 1; decretos/acuerdos de creación publicados en periódicos oficiales estatales"
20,OAXACA,2014,0,"ODIM/UNAM (2020) Informe Comisiones Estatales de Búsqueda, Tabla 1; decretos/acuerdos de creación publicados en periódicos oficiales estatales"
20,OAXACA,2015,0,"ODIM/UNAM (2020) Informe Comisiones Estatales de Búsqueda, Tabla 1; decretos/acuerdos de creación publicados en periódicos oficiales estatales"
20,OAXACA,2016,0,"ODIM/UNAM (2020) Informe Comisiones Estatales de Búsqueda, Tabla 1; decretos/acuerdos de creación publicados en periódicos oficiales estatales"
20,OAXACA,2017,0,"ODIM/UNAM (2020) Informe Comisiones Estatales de Búsqueda, Tabla 1; decretos/acuerdos de creación publicados en periódicos oficiales estatales"
20,OAXACA,2018,0,"ODIM/UNAM (2020) Informe Comisiones Estatales de Búsqueda, Tabla 1; decretos/acuerdos de creación publicados en periódicos oficiales estatales"
20,OAXACA,2019,1,"ODIM/UNAM (2020) Informe Comisiones Estatales de Búsqueda, Tabla 1; decretos/acuerdos de creación publicados en periódicos oficiales estatales"
20,OAXACA,2020,1,"ODIM/UNAM (2020) Informe Comisiones Estatales de Búsqueda, Tabla 1; decretos/acuerdos de creación publicados en periódicos oficiales estatales"
20,OAXACA,2021,1,"ODIM/UNAM (2020) Informe Comisiones Estatales de Búsqueda, Tabla 1; decretos/acuerdos de creación publicados en periódicos oficiales estatales"
20,OAXACA,2022,1,"ODIM/UNAM (2020) Informe Comisiones Estatales de Búsqueda, Tabla 1; decretos/acuerdos de creación publicados en periódicos oficiales estatales"
20,OAXACA,2023,1,"ODIM/UNAM (2020) Informe Comisiones Estatales de Búsqueda, Tabla 1; decretos/acuerdos de creación publicados en periódicos oficiales estatales"
20,OAXACA,2024,1,"ODIM/UNAM (2020) Informe Comisiones Estatales de Búsqueda, Tabla 1; decretos/acuerdos de creación publicados en periódicos oficiales estatales"
21,PUEBLA,2010,0,"ODIM/UNAM (2020) Informe Comisiones Estatales de Búsqueda, Tabla 1; decretos/acuerdos de creación publicados en periódicos oficiales estatales"
21,PUEBLA,2011,0,"ODIM/UNAM (2020) Informe Comisiones Estatales de Búsqueda, Tabla 1; decretos/acuerdos de creación publicados en periódicos oficiales estatales"
21,PUEBLA,2012,0,"ODIM/UNAM (2020) Informe Comisiones Estatales de Búsqueda, Tabla 1; decretos/acuerdos de creación publicados en periódicos oficiales estatales"
21,PUEBLA,2013,0,"ODIM/UNAM (2020) Informe Comisiones Estatales de Búsqueda, Tabla 1; decretos/acuerdos de creación publicados en periódicos oficiales estatales"
21,PUEBLA,2014,0,"ODIM/UNAM (2020) Informe Comisiones Estatales de Búsqueda, Tabla 1; decretos/acuerdos de creación publicados en periódicos oficiales estatales"
21,PUEBLA,2015,0,"ODIM/UNAM (2020) Informe Comisiones Estatales de Búsqueda, Tabla 1; decretos/acuerdos de creación publicados en periódicos oficiales estatales"
21,PUEBLA,2016,0,"ODIM/UNAM (2020) Informe Comisiones Estatales de Búsqueda, Tabla 1; decretos/acuerdos de creación publicados en periódicos oficiales estatales"
21,PUEBLA,2017,0,"ODIM/UNAM (2020) Informe Comisiones Estatales de Búsqueda, Tabla 1; decretos/acuerdos de creación publicados en periódicos oficiales estatales"
21,PUEBLA,2018,0,"ODIM/UNAM (2020) Informe Comisiones Estatales de Búsqueda, Tabla 1; decretos/acuerdos de creación publicados en periódicos oficiales estatales"
21,PUEBLA,2019,1,"ODIM/UNAM (2020) Informe Comisiones Estatales de Búsqueda, Tabla 1; decretos/acuerdos de creación publicados en periódicos oficiales estatales"
21,PUEBLA,2020,1,"ODIM/UNAM (2020) Informe Comisiones Estatales de Búsqueda, Tabla 1; decretos/acuerdos de creación publicados en periódicos oficiales estatales"
21,PUEBLA,2021,1,"ODIM/UNAM (2020) Informe Comisiones Estatales de Búsqueda, Tabla 1; decretos/acuerdos de creación publicados en periódicos oficiales estatales"
21,PUEBLA,2022,1,"ODIM/UNAM (2020) Informe Comisiones Estatales de Búsqueda, Tabla 1; decretos/acuerdos de creación publicados en periódicos oficiales estatales"
21,PUEBLA,2023,1,"ODIM/UNAM (2020) Informe Comisiones Estatales de Búsqueda, Tabla 1; decretos/acuerdos de creación publicados en periódicos oficiales estatales"
21,PUEBLA,2024,1,"ODIM/UNAM (2020) Informe Comisiones Estatales de Búsqueda, Tabla 1; decretos/acuerdos de creación publicados en periódicos oficiales estatales"
22,QUERETARO,2010,0,"ODIM/UNAM (2020) Informe Comisiones Estatales de Búsqueda, Tabla 1; decretos/acuerdos de creación publicados en periódicos oficiales estatales"
22,QUERETARO,2011,0,"ODIM/UNAM (2020) Informe Comisiones Estatales de Búsqueda, Tabla 1; decretos/acuerdos de creación publicados en periódicos oficiales estatales"
22,QUERETARO,2012,0,"ODIM/UNAM (2020) Informe Comisiones Estatales de Búsqueda, Tabla 1; decretos/acuerdos de creación publicados en periódicos oficiales estatales"
22,QUERETARO,2013,0,"ODIM/UNAM (2020) Informe Comisiones Estatales de Búsqueda, Tabla 1; decretos/acuerdos de creación publicados en periódicos oficiales estatales"
22,QUERETARO,2014,0,"ODIM/UNAM (2020) Informe Comisiones Estatales de Búsqueda, Tabla 1; decretos/acuerdos de creación publicados en periódicos oficiales estatales"
22,QUERETARO,2015,0,"ODIM/UNAM (2020) Informe Comisiones Estatales de Búsqueda, Tabla 1; decretos/acuerdos de creación publicados en periódicos oficiales estatales"
22,QUERETARO,2016,0,"ODIM/UNAM (2020) Informe Comisiones Estatales de Búsqueda, Tabla 1; decretos/acuerdos de creación publicados en periódicos oficiales estatales"
22,QUERETARO,2017,0,"ODIM/UNAM (2020) Informe Comisiones Estatales de Búsqueda, Tabla 1; decretos/acuerdos de creación publicados en periódicos oficiales estatales"
22,QUERETARO,2018,1,"ODIM/UNAM (2020) Informe Comisiones Estatales de Búsqueda, Tabla 1; decretos/acuerdos de creación publicados en periódicos oficiales estatales"
22,QUERETARO,2019,1,"ODIM/UNAM (2020) Informe Comisiones Estatales de Búsqueda, Tabla 1; decretos/acuerdos de creación publicados en periódicos oficiales estatales"
22,QUERETARO,2020,1,"ODIM/UNAM (2020) Informe Comisiones Estatales de Búsqueda, Tabla 1; decretos/acuerdos de creación publicados en periódicos oficiales estatales"
22,QUERETARO,2021,1,"ODIM/UNAM (2020) Informe Comisiones Estatales de Búsqueda, Tabla 1; decretos/acuerdos de creación publicados en periódicos oficiales estatales"
22,QUERETARO,2022,1,"ODIM/UNAM (2020) Informe Comisiones Estatales de Búsqueda, Tabla 1; decretos/acuerdos de creación publicados en periódicos oficiales estatales"
22,QUERETARO,2023,1,"ODIM/UNAM (2020) Informe Comisiones Estatales de Búsqueda, Tabla 1; decretos/acuerdos de creación publicados en periódicos oficiales estatales"
22,QUERETARO,2024,1,"ODIM/UNAM (2020) Informe Comisiones Estatales de Búsqueda, Tabla 1; decretos/acuerdos de creación publicados en periódicos oficiales estatales"
23,QUINTANA ROO,2010,0,"ODIM/UNAM (2020) Informe Comisiones Estatales de Búsqueda, Tabla 1; decretos/acuerdos de creación publicados en periódicos oficiales estatales"
23,QUINTANA ROO,2011,0,"ODIM/UNAM (2020) Informe Comisiones Estatales de Búsqueda, Tabla 1; decretos/acuerdos de creación publicados en periódicos oficiales estatales"
23,QUINTANA ROO,2012,0,"ODIM/UNAM (2020) Informe Comisiones Estatales de Búsqueda, Tabla 1; decretos/acuerdos de creación publicados en periódicos oficiales estatales"
23,QUINTANA ROO,2013,0,"ODIM/UNAM (2020) Informe Comisiones Estatales de Búsqueda, Tabla 1; decretos/acuerdos de creación publicados en periódicos oficiales estatales"
23,QUINTANA ROO,2014,0,"ODIM/UNAM (2020) Informe Comisiones Estatales de Búsqueda, Tabla 1; decretos/acuerdos de creación publicados en periódicos oficiales estatales"
23,QUINTANA ROO,2015,0,"ODIM/UNAM (2020) Informe Comisiones Estatales de Búsqueda, Tabla 1; decretos/acuerdos de creación publicados en periódicos oficiales estatales"
23,QUINTANA ROO,2016,0,"ODIM/UNAM (2020) Informe Comisiones Estatales de Búsqueda, Tabla 1; decretos/acuerdos de creación publicados en periódicos oficiales estatales"
23,QUINTANA ROO,2017,0,"ODIM/UNAM (2020) Informe Comisiones Estatales de Búsqueda, Tabla 1; decretos/acuerdos de creación publicados en periódicos oficiales estatales"
23,QUINTANA ROO,2018,0,"ODIM/UNAM (2020) Informe Comisiones Estatales de Búsqueda, Tabla 1; decretos/acuerdos de creación publicados en periódicos oficiales estatales"
23,QUINTANA ROO,2019,1,"ODIM/UNAM (2020) Informe Comisiones Estatales de Búsqueda, Tabla 1; decretos/acuerdos de creación publicados en periódicos oficiales estatales"
23,QUINTANA ROO,2020,1,"ODIM/UNAM (2020) Informe Comisiones Estatales de Búsqueda, Tabla 1; decretos/acuerdos de creación publicados en periódicos oficiales estatales"
23,QUINTANA ROO,2021,1,"ODIM/UNAM (2020) Informe Comisiones Estatales de Búsqueda, Tabla 1; decretos/acuerdos de creación publicados en periódicos oficiales estatales"
23,QUINTANA ROO,2022,1,"ODIM/UNAM (2020) Informe Comisiones Estatales de Búsqueda, Tabla 1; decretos/acuerdos de creación publicados en periódicos oficiales estatales"
23,QUINTANA ROO,2023,1,"ODIM/UNAM (2020) Informe Comisiones Estatales de Búsqueda, Tabla 1; decretos/acuerdos de creación publicados en periódicos oficiales estatales"
23,QUINTANA ROO,2024,1,"ODIM/UNAM (2020) Informe Comisiones Estatales de Búsqueda, Tabla 1; decretos/acuerdos de creación publicados en periódicos oficiales estatales"
24,SAN LUIS POTOSI,2010,0,"ODIM/UNAM (2020) Informe Comisiones Estatales de Búsqueda, Tabla 1; decretos/acuerdos de creación publicados en periódicos oficiales estatales"
24,SAN LUIS POTOSI,2011,0,"ODIM/UNAM (2020) Informe Comisiones Estatales de Búsqueda, Tabla 1; decretos/acuerdos de creación publicados en periódicos oficiales estatales"
24,SAN LUIS POTOSI,2012,0,"ODIM/UNAM (2020) Informe Comisiones Estatales de Búsqueda, Tabla 1; decretos/acuerdos de creación publicados en periódicos oficiales estatales"
24,SAN LUIS POTOSI,2013,0,"ODIM/UNAM (2020) Informe Comisiones Estatales de Búsqueda, Tabla 1; decretos/acuerdos de creación publicados en periódicos oficiales estatales"
24,SAN LUIS POTOSI,2014,0,"ODIM/UNAM (2020) Informe Comisiones Estatales de Búsqueda, Tabla 1; decretos/acuerdos de creación publicados en periódicos oficiales estatales"
24,SAN LUIS POTOSI,2015,0,"ODIM/UNAM (2020) Informe Comisiones Estatales de Búsqueda, Tabla 1; decretos/acuerdos de creación publicados en periódicos oficiales estatales"
24,SAN LUIS POTOSI,2016,0,"ODIM/UNAM (2020) Informe Comisiones Estatales de Búsqueda, Tabla 1; decretos/acuerdos de creación publicados en periódicos oficiales estatales"
24,SAN LUIS POTOSI,2017,0,"ODIM/UNAM (2020) Informe Comisiones Estatales de Búsqueda, Tabla 1; decretos/acuerdos de creación publicados en periódicos oficiales estatales"
24,SAN LUIS POTOSI,2018,1,"ODIM/UNAM (2020) Informe Comisiones Estatales de Búsqueda, Tabla 1; decretos/acuerdos de creación publicados en periódicos oficiales estatales"
24,SAN LUIS POTOSI,2019,1,"ODIM/UNAM (2020) Informe Comisiones Estatales de Búsqueda, Tabla 1; decretos/acuerdos de creación publicados en periódicos oficiales estatales"
24,SAN LUIS POTOSI,2020,1,"ODIM/UNAM (2020) Informe Comisiones Estatales de Búsqueda, Tabla 1; decretos/acuerdos de creación publicados en periódicos oficiales estatales"
24,SAN LUIS POTOSI,2021,1,"ODIM/UNAM (2020) Informe Comisiones Estatales de Búsqueda, Tabla 1; decretos/acuerdos de creación publicados en periódicos oficiales estatales"
24,SAN LUIS POTOSI,2022,1,"ODIM/UNAM (2020) Informe Comisiones Estatales de Búsqueda, Tabla 1; decretos/acuerdos de creación publicados en periódicos oficiales estatales"
24,SAN LUIS POTOSI,2023,1,"ODIM/UNAM (2020) Informe Comisiones Estatales de Búsqueda, Tabla 1; decretos/acuerdos de creación publicados en periódicos oficiales estatales"
24,SAN LUIS POTOSI,2024,1,"ODIM/UNAM (2020) Informe Comisiones Estatales de Búsqueda, Tabla 1; decretos/acuerdos de creación publicados en periódicos oficiales estatales"
25,SINALOA,2010,0,"ODIM/UNAM (2020) Informe Comisiones Estatales de Búsqueda, Tabla 1; decretos/acuerdos de creación publicados en periódicos oficiales estatales"
25,SINALOA,2011,0,"ODIM/UNAM (2020) Informe Comisiones Estatales de Búsqueda, Tabla 1; decretos/acuerdos de creación publicados en periódicos oficiales estatales"
25,SINALOA,2012,0,"ODIM/UNAM (2020) Informe Comisiones Estatales de Búsqueda, Tabla 1; decretos/acuerdos de creación publicados en periódicos oficiales estatales"
25,SINALOA,2013,0,"ODIM/UNAM (2020) Informe Comisiones Estatales de Búsqueda, Tabla 1; decretos/acuerdos de creación publicados en periódicos oficiales estatales"
25,SINALOA,2014,0,"ODIM/UNAM (2020) Informe Comisiones Estatales de Búsqueda, Tabla 1; decretos/acuerdos de creación publicados en periódicos oficiales estatales"
25,SINALOA,2015,0,"ODIM/UNAM (2020) Informe Comisiones Estatales de Búsqueda, Tabla 1; decretos/acuerdos de creación publicados en periódicos oficiales estatales"
25,SINALOA,2016,0,"ODIM/UNAM (2020) Informe Comisiones Estatales de Búsqueda, Tabla 1; decretos/acuerdos de creación publicados en periódicos oficiales estatales"
25,SINALOA,2017,0,"ODIM/UNAM (2020) Informe Comisiones Estatales de Búsqueda, Tabla 1; decretos/acuerdos de creación publicados en periódicos oficiales estatales"
25,SINALOA,2018,0,"ODIM/UNAM (2020) Informe Comisiones Estatales de Búsqueda, Tabla 1; decretos/acuerdos de creación publicados en periódicos oficiales estatales"
25,SINALOA,2019,1,"ODIM/UNAM (2020) Informe Comisiones Estatales de Búsqueda, Tabla 1; decretos/acuerdos de creación publicados en periódicos oficiales estatales"
25,SINALOA,2020,1,"ODIM/UNAM (2020) Informe Comisiones Estatales de Búsqueda, Tabla 1; decretos/acuerdos de creación publicados en periódicos oficiales estatales"
25,SINALOA,2021,1,"ODIM/UNAM (2020) Informe Comisiones Estatales de Búsqueda, Tabla 1; decretos/acuerdos de creación publicados en periódicos oficiales estatales"
25,SINALOA,2022,1,"ODIM/UNAM (2020) Informe Comisiones Estatales de Búsqueda, Tabla 1; decretos/acuerdos de creación publicados en periódicos oficiales estatales"
25,SINALOA,2023,1,"ODIM/UNAM (2020) Informe Comisiones Estatales de Búsqueda, Tabla 1; decretos/acuerdos de creación publicados en periódicos oficiales estatales"
25,SINALOA,2024,1,"ODIM/UNAM (2020) Informe Comisiones Estatales de Búsqueda, Tabla 1; decretos/acuerdos de creación publicados en periódicos oficiales estatales"
26,SONORA,2010,0,"ODIM/UNAM (2020) Informe Comisiones Estatales de Búsqueda, Tabla 1; decretos/acuerdos de creación publicados en periódicos oficiales estatales"
26,SONORA,2011,0,"ODIM/UNAM (2020) Informe Comisiones Estatales de Búsqueda, Tabla 1; decretos/acuerdos de creación publicados en periódicos oficiales estatales"
26,SONORA,2012,0,"ODIM/UNAM (2020) Informe Comisiones Estatales de Búsqueda, Tabla 1; decretos/acuerdos de creación publicados en periódicos oficiales estatales"
26,SONORA,2013,0,"ODIM/UNAM (2020) Informe Comisiones Estatales de Búsqueda, Tabla 1; decretos/acuerdos de creación publicados en periódicos oficiales estatales"
26,SONORA,2014,0,"ODIM/UNAM (2020) Informe Comisiones Estatales de Búsqueda, Tabla 1; decretos/acuerdos de creación publicados en periódicos oficiales estatales"
26,SONORA,2015,0,"ODIM/UNAM (2020) Informe Comisiones Estatales de Búsqueda, Tabla 1; decretos/acuerdos de creación publicados en periódicos oficiales estatales"
26,SONORA,2016,0,"ODIM/UNAM (2020) Informe Comisiones Estatales de Búsqueda, Tabla 1; decretos/acuerdos de creación publicados en periódicos oficiales estatales"
26,SONORA,2017,0,"ODIM/UNAM (2020) Informe Comisiones Estatales de Búsqueda, Tabla 1; decretos/acuerdos de creación publicados en periódicos oficiales estatales"
26,SONORA,2018,0,"ODIM/UNAM (2020) Informe Comisiones Estatales de Búsqueda, Tabla 1; decretos/acuerdos de creación publicados en periódicos oficiales estatales"
26,SONORA,2019,1,"ODIM/UNAM (2020) Informe Comisiones Estatales de Búsqueda, Tabla 1; decretos/acuerdos de creación publicados en periódicos oficiales estatales"
26,SONORA,2020,1,"ODIM/UNAM (2020) Informe Comisiones Estatales de Búsqueda, Tabla 1; decretos/acuerdos de creación publicados en periódicos oficiales estatales"
26,SONORA,2021,1,"ODIM/UNAM (2020) Informe Comisiones Estatales de Búsqueda, Tabla 1; decretos/acuerdos de creación publicados en periódicos oficiales estatales"
26,SONORA,2022,1,"ODIM/UNAM (2020) Informe Comisiones Estatales de Búsqueda, Tabla 1; decretos/acuerdos de creación publicados en periódicos oficiales estatales"
26,SONORA,2023,1,"ODIM/UNAM (2020) Informe Comisiones Estatales de Búsqueda, Tabla 1; decretos/acuerdos de creación publicados en periódicos oficiales estatales"
26,SONORA,2024,1,"ODIM/UNAM (2020) Informe Comisiones Estatales de Búsqueda, Tabla 1; decretos/acuerdos de creación publicados en periódicos oficiales estatales"
27,TABASCO,2010,0,"ODIM/UNAM (2020) Informe Comisiones Estatales de Búsqueda, Tabla 1; decretos/acuerdos de creación publicados en periódicos oficiales estatales"
27,TABASCO,2011,0,"ODIM/UNAM (2020) Informe Comisiones Estatales de Búsqueda, Tabla 1; decretos/acuerdos de creación publicados en periódicos oficiales estatales"
27,TABASCO,2012,0,"ODIM/UNAM (2020) Informe Comisiones Estatales de Búsqueda, Tabla 1; decretos/acuerdos de creación publicados en periódicos oficiales estatales"
27,TABASCO,2013,0,"ODIM/UNAM (2020) Informe Comisiones Estatales de Búsqueda, Tabla 1; decretos/acuerdos de creación publicados en periódicos oficiales estatales"
27,TABASCO,2014,0,"ODIM/UNAM (2020) Informe Comisiones Estatales de Búsqueda, Tabla 1; decretos/acuerdos de creación publicados en periódicos oficiales estatales"
27,TABASCO,2015,0,"ODIM/UNAM (2020) Informe Comisiones Estatales de Búsqueda, Tabla 1; decretos/acuerdos de creación publicados en periódicos oficiales estatales"
27,TABASCO,2016,0,"ODIM/UNAM (2020) Informe Comisiones Estatales de Búsqueda, Tabla 1; decretos/acuerdos de creación publicados en periódicos oficiales estatales"
27,TABASCO,2017,0,"ODIM/UNAM (2020) Informe Comisiones Estatales de Búsqueda, Tabla 1; decretos/acuerdos de creación publicados en periódicos oficiales estatales"
27,TABASCO,2018,0,"ODIM/UNAM (2020) Informe Comisiones Estatales de Búsqueda, Tabla 1; decretos/acuerdos de creación publicados en periódicos oficiales estatales"
27,TABASCO,2019,1,"ODIM/UNAM (2020) Informe Comisiones Estatales de Búsqueda, Tabla 1; decretos/acuerdos de creación publicados en periódicos oficiales estatales"
27,TABASCO,2020,1,"ODIM/UNAM (2020) Informe Comisiones Estatales de Búsqueda, Tabla 1; decretos/acuerdos de creación publicados en periódicos oficiales estatales"
27,TABASCO,2021,1,"ODIM/UNAM (2020) Informe Comisiones Estatales de Búsqueda, Tabla 1; decretos/acuerdos de creación publicados en periódicos oficiales estatales"
27,TABASCO,2022,1,"ODIM/UNAM (2020) Informe Comisiones Estatales de Búsqueda, Tabla 1; decretos/acuerdos de creación publicados en periódicos oficiales estatales"
27,TABASCO,2023,1,"ODIM/UNAM (2020) Informe Comisiones Estatales de Búsqueda, Tabla 1; decretos/acuerdos de creación publicados en periódicos oficiales estatales"
27,TABASCO,2024,1,"ODIM/UNAM (2020) Informe Comisiones Estatales de Búsqueda, Tabla 1; decretos/acuerdos de creación publicados en periódicos oficiales estatales"
28,TAMAULIPAS,2010,0,"ODIM/UNAM (2020) Informe Comisiones Estatales de Búsqueda, Tabla 1; decretos/acuerdos de creación publicados en periódicos oficiales estatales"
28,TAMAULIPAS,2011,0,"ODIM/UNAM (2020) Informe Comisiones Estatales de Búsqueda, Tabla 1; decretos/acuerdos de creación publicados en periódicos oficiales estatales"
28,TAMAULIPAS,2012,0,"ODIM/UNAM (2020) Informe Comisiones Estatales de Búsqueda, Tabla 1; decretos/acuerdos de creación publicados en periódicos oficiales estatales"
28,TAMAULIPAS,2013,0,"ODIM/UNAM (2020) Informe Comisiones Estatales de Búsqueda, Tabla 1; decretos/acuerdos de creación publicados en periódicos oficiales estatales"
28,TAMAULIPAS,2014,0,"ODIM/UNAM (2020) Informe Comisiones Estatales de Búsqueda, Tabla 1; decretos/acuerdos de creación publicados en periódicos oficiales estatales"
28,TAMAULIPAS,2015,0,"ODIM/UNAM (2020) Informe Comisiones Estatales de Búsqueda, Tabla 1; decretos/acuerdos de creación publicados en periódicos oficiales estatales"
28,TAMAULIPAS,2016,0,"ODIM/UNAM (2020) Informe Comisiones Estatales de Búsqueda, Tabla 1; decretos/acuerdos de creación publicados en periódicos oficiales estatales"
28,TAMAULIPAS,2017,0,"ODIM/UNAM (2020) Informe Comisiones Estatales de Búsqueda, Tabla 1; decretos/acuerdos de creación publicados en periódicos oficiales estatales"
28,TAMAULIPAS,2018,0,"ODIM/UNAM (2020) Informe Comisiones Estatales de Búsqueda, Tabla 1; decretos/acuerdos de creación publicados en periódicos oficiales estatales"
28,TAMAULIPAS,2019,1,"ODIM/UNAM (2020) Informe Comisiones Estatales de Búsqueda, Tabla 1; decretos/acuerdos de creación publicados en periódicos oficiales estatales"
28,TAMAULIPAS,2020,1,"ODIM/UNAM (2020) Informe Comisiones Estatales de Búsqueda, Tabla 1; decretos/acuerdos de creación publicados en periódicos oficiales estatales"
28,TAMAULIPAS,2021,1,"ODIM/UNAM (2020) Informe Comisiones Estatales de Búsqueda, Tabla 1; decretos/acuerdos de creación publicados en periódicos oficiales estatales"
28,TAMAULIPAS,2022,1,"ODIM/UNAM (2020) Informe Comisiones Estatales de Búsqueda, Tabla 1; decretos/acuerdos de creación publicados en periódicos oficiales estatales"
28,TAMAULIPAS,2023,1,"ODIM/UNAM (2020) Informe Comisiones Estatales de Búsqueda, Tabla 1; decretos/acuerdos de creación publicados en periódicos oficiales estatales"
28,TAMAULIPAS,2024,1,"ODIM/UNAM (2020) Informe Comisiones Estatales de Búsqueda, Tabla 1; decretos/acuerdos de creación publicados en periódicos oficiales estatales"
29,TLAXCALA,2010,0,"ODIM/UNAM (2020) Informe Comisiones Estatales de Búsqueda, Tabla 1; decretos/acuerdos de creación publicados en periódicos oficiales estatales"
29,TLAXCALA,2011,0,"ODIM/UNAM (2020) Informe Comisiones Estatales de Búsqueda, Tabla 1; decretos/acuerdos de creación publicados en periódicos oficiales estatales"
29,TLAXCALA,2012,0,"ODIM/UNAM (2020) Informe Comisiones Estatales de Búsqueda, Tabla 1; decretos/acuerdos de creación publicados en periódicos oficiales estatales"
29,TLAXCALA,2013,0,"ODIM/UNAM (2020) Informe Comisiones Estatales de Búsqueda, Tabla 1; decretos/acuerdos de creación publicados en periódicos oficiales estatales"
29,TLAXCALA,2014,0,"ODIM/UNAM (2020) Informe Comisiones Estatales de Búsqueda, Tabla 1; decretos/acuerdos de creación publicados en periódicos oficiales estatales"
29,TLAXCALA,2015,0,"ODIM/UNAM (2020) Informe Comisiones Estatales de Búsqueda, Tabla 1; decretos/acuerdos de creación publicados en periódicos oficiales estatales"
29,TLAXCALA,2016,0,"ODIM/UNAM (2020) Informe Comisiones Estatales de Búsqueda, Tabla 1; decretos/acuerdos de creación publicados en periódicos oficiales estatales"
29,TLAXCALA,2017,0,"ODIM/UNAM (2020) Informe Comisiones Estatales de Búsqueda, Tabla 1; decretos/acuerdos de creación publicados en periódicos oficiales estatales"
29,TLAXCALA,2018,0,"ODIM/UNAM (2020) Informe Comisiones Estatales de Búsqueda, Tabla 1; decretos/acuerdos de creación publicados en periódicos oficiales estatales"
29,TLAXCALA,2019,1,"ODIM/UNAM (2020) Informe Comisiones Estatales de Búsqueda, Tabla 1; decretos/acuerdos de creación publicados en periódicos oficiales estatales"
29,TLAXCALA,2020,1,"ODIM/UNAM (2020) Informe Comisiones Estatales de Búsqueda, Tabla 1; decretos/acuerdos de creación publicados en periódicos oficiales estatales"
29,TLAXCALA,2021,1,"ODIM/UNAM (2020) Informe Comisiones Estatales de Búsqueda, Tabla 1; decretos/acuerdos de creación publicados en periódicos oficiales estatales"
29,TLAXCALA,2022,1,"ODIM/UNAM (2020) Informe Comisiones Estatales de Búsqueda, Tabla 1; decretos/acuerdos de creación publicados en periódicos oficiales estatales"
29,TLAXCALA,2023,1,"ODIM/UNAM (2020) Informe Comisiones Estatales de Búsqueda, Tabla 1; decretos/acuerdos de creación publicados en periódicos oficiales estatales"
29,TLAXCALA,2024,1,"ODIM/UNAM (2020) Informe Comisiones Estatales de Búsqueda, Tabla 1; decretos/acuerdos de creación publicados en periódicos oficiales estatales"
30,VERACRUZ,2010,0,"ODIM/UNAM (2020) Informe Comisiones Estatales de Búsqueda, Tabla 1; decretos/acuerdos de creación publicados en periódicos oficiales estatales"
30,VERACRUZ,2011,0,"ODIM/UNAM (2020) Informe Comisiones Estatales de Búsqueda, Tabla 1; decretos/acuerdos de creación publicados en periódicos oficiales estatales"
30,VERACRUZ,2012,0,"ODIM/UNAM (2020) Informe Comisiones Estatales de Búsqueda, Tabla 1; decretos/acuerdos de creación publicados en periódicos oficiales estatales"
30,VERACRUZ,2013,0,"ODIM/UNAM (2020) Informe Comisiones Estatales de Búsqueda, Tabla 1; decretos/acuerdos de creación publicados en periódicos oficiales estatales"
30,VERACRUZ,2014,0,"ODIM/UNAM (2020) Informe Comisiones Estatales de Búsqueda, Tabla 1; decretos/acuerdos de creación publicados en periódicos oficiales estatales"
30,VERACRUZ,2015,0,"ODIM/UNAM (2020) Informe Comisiones Estatales de Búsqueda, Tabla 1; decretos/acuerdos de creación publicados en periódicos oficiales estatales"
30,VERACRUZ,2016,0,"ODIM/UNAM (2020) Informe Comisiones Estatales de Búsqueda, Tabla 1; decretos/acuerdos de creación publicados en periódicos oficiales estatales"
30,VERACRUZ,2017,0,"ODIM/UNAM (2020) Informe Comisiones Estatales de Búsqueda, Tabla 1; decretos/acuerdos de creación publicados en periódicos oficiales estatales"
30,VERACRUZ,2018,1,"ODIM/UNAM (2020) Informe Comisiones Estatales de Búsqueda, Tabla 1; decretos/acuerdos de creación publicados en periódicos oficiales estatales"
30,VERACRUZ,2019,1,"ODIM/UNAM (2020) Informe Comisiones Estatales de Búsqueda, Tabla 1; decretos/acuerdos de creación publicados en periódicos oficiales estatales"
30,VERACRUZ,2020,1,"ODIM/UNAM (2020) Informe Comisiones Estatales de Búsqueda, Tabla 1; decretos/acuerdos de creación publicados en periódicos oficiales estatales"
30,VERACRUZ,2021,1,"ODIM/UNAM (2020) Informe Comisiones Estatales de Búsqueda, Tabla 1; decretos/acuerdos de creación publicados en periódicos oficiales estatales"
30,VERACRUZ,2022,1,"ODIM/UNAM (2020) Informe Comisiones Estatales de Búsqueda, Tabla 1; decretos/acuerdos de creación publicados en periódicos oficiales estatales"
30,VERACRUZ,2023,1,"ODIM/UNAM (2020) Informe Comisiones Estatales de Búsqueda, Tabla 1; decretos/acuerdos de creación publicados en periódicos oficiales estatales"
30,VERACRUZ,2024,1,"ODIM/UNAM (2020) Informe Comisiones Estatales de Búsqueda, Tabla 1; decretos/acuerdos de creación publicados en periódicos oficiales estatales"
31,YUCATAN,2010,0,"ODIM/UNAM (2020) Informe Comisiones Estatales de Búsqueda, Tabla 1; decretos/acuerdos de creación publicados en periódicos oficiales estatales"
31,YUCATAN,2011,0,"ODIM/UNAM (2020) Informe Comisiones Estatales de Búsqueda, Tabla 1; decretos/acuerdos de creación publicados en periódicos oficiales estatales"
31,YUCATAN,2012,0,"ODIM/UNAM (2020) Informe Comisiones Estatales de Búsqueda, Tabla 1; decretos/acuerdos de creación publicados en periódicos oficiales estatales"
31,YUCATAN,2013,0,"ODIM/UNAM (2020) Informe Comisiones Estatales de Búsqueda, Tabla 1; decretos/acuerdos de creación publicados en periódicos oficiales estatales"
31,YUCATAN,2014,0,"ODIM/UNAM (2020) Informe Comisiones Estatales de Búsqueda, Tabla 1; decretos/acuerdos de creación publicados en periódicos oficiales estatales"
31,YUCATAN,2015,0,"ODIM/UNAM (2020) Informe Comisiones Estatales de Búsqueda, Tabla 1; decretos/acuerdos de creación publicados en periódicos oficiales estatales"
31,YUCATAN,2016,0,"ODIM/UNAM (2020) Informe Comisiones Estatales de Búsqueda, Tabla 1; decretos/acuerdos de creación publicados en periódicos oficiales estatales"
31,YUCATAN,2017,0,"ODIM/UNAM (2020) Informe Comisiones Estatales de Búsqueda, Tabla 1; decretos/acuerdos de creación publicados en periódicos oficiales estatales"
31,YUCATAN,2018,0,"ODIM/UNAM (2020) Informe Comisiones Estatales de Búsqueda, Tabla 1; decretos/acuerdos de creación publicados en periódicos oficiales estatales"
31,YUCATAN,2019,1,"ODIM/UNAM (2020) Informe Comisiones Estatales de Búsqueda, Tabla 1; decretos/acuerdos de creación publicados en periódicos oficiales estatales"
31,YUCATAN,2020,1,"ODIM/UNAM (2020) Informe Comisiones Estatales de Búsqueda, Tabla 1; decretos/acuerdos de creación publicados en periódicos oficiales estatales"
31,YUCATAN,2021,1,"ODIM/UNAM (2020) Informe Comisiones Estatales de Búsqueda, Tabla 1; decretos/acuerdos de creación publicados en periódicos oficiales estatales"
31,YUCATAN,2022,1,"ODIM/UNAM (2020) Informe Comisiones Estatales de Búsqueda, Tabla 1; decretos/acuerdos de creación publicados en periódicos oficiales estatales"
31,YUCATAN,2023,1,"ODIM/UNAM (2020) Informe Comisiones Estatales de Búsqueda, Tabla 1; decretos/acuerdos de creación publicados en periódicos oficiales estatales"
31,YUCATAN,2024,1,"ODIM/UNAM (2020) Informe Comisiones Estatales de Búsqueda, Tabla 1; decretos/acuerdos de creación publicados en periódicos oficiales estatales"
32,ZACATECAS,2010,0,"ODIM/UNAM (2020) Informe Comisiones Estatales de Búsqueda, Tabla 1; decretos/acuerdos de creación publicados en periódicos oficiales estatales"
32,ZACATECAS,2011,0,"ODIM/UNAM (2020) Informe Comisiones Estatales de Búsqueda, Tabla 1; decretos/acuerdos de creación publicados en periódicos oficiales estatales"
32,ZACATECAS,2012,0,"ODIM/UNAM (2020) Informe Comisiones Estatales de Búsqueda, Tabla 1; decretos/acuerdos de creación publicados en periódicos oficiales estatales"
32,ZACATECAS,2013,0,"ODIM/UNAM (2020) Informe Comisiones Estatales de Búsqueda, Tabla 1; decretos/acuerdos de creación publicados en periódicos oficiales estatales"
32,ZACATECAS,2014,0,"ODIM/UNAM (2020) Informe Comisiones Estatales de Búsqueda, Tabla 1; decretos/acuerdos de creación publicados en periódicos oficiales estatales"
32,ZACATECAS,2015,0,"ODIM/UNAM (2020) Informe Comisiones Estatales de Búsqueda, Tabla 1; decretos/acuerdos de creación publicados en periódicos oficiales estatales"
32,ZACATECAS,2016,0,"ODIM/UNAM (2020) Informe Comisiones Estatales de Búsqueda, Tabla 1; decretos/acuerdos de creación publicados en periódicos oficiales estatales"
32,ZACATECAS,2017,0,"ODIM/UNAM (2020) Informe Comisiones Estatales de Búsqueda, Tabla 1; decretos/acuerdos de creación publicados en periódicos oficiales estatales"
32,ZACATECAS,2018,0,"ODIM/UNAM (2020) Informe Comisiones Estatales de Búsqueda, Tabla 1; decretos/acuerdos de creación publicados en periódicos oficiales estatales"
32,ZACATECAS,2019,1,"ODIM/UNAM (2020) Informe Comisiones Estatales de Búsqueda, Tabla 1; decretos/acuerdos de creación publicados en periódicos oficiales estatales"
32,ZACATECAS,2020,1,"ODIM/UNAM (2020) Informe Comisiones Estatales de Búsqueda, Tabla 1; decretos/acuerdos de creación publicados en periódicos oficiales estatales"
32,ZACATECAS,2021,1,"ODIM/UNAM (2020) Informe Comisiones Estatales de Búsqueda, Tabla 1; decretos/acuerdos de creación publicados en periódicos oficiales estatales"
32,ZACATECAS,2022,1,"ODIM/UNAM (2020) Informe Comisiones Estatales de Búsqueda, Tabla 1; decretos/acuerdos de creación publicados en periódicos oficiales estatales"
32,ZACATECAS,2023,1,"ODIM/UNAM (2020) Informe Comisiones Estatales de Búsqueda, Tabla 1; decretos/acuerdos de creación publicados en periódicos oficiales estatales"
32,ZACATECAS,2024,1,"ODIM/UNAM (2020) Informe Comisiones Estatales de Búsqueda, Tabla 1; decretos/acuerdos de creación publicados en periódicos oficiales estatales"
