cve_estado,estado,anio,pobreza_pct,pobreza_ext_pct,carencias_pct,gini,fuente
01,AGUASCALIENTES,2010,38.1307,3.7661,64.3426,,CONEVAL anexos estatales
01,AGUASCALIENTES,2011,37.9448,3.5781,63.291,,CONEVAL anexos estatales
01,AGUASCALIENTES,2012,37.7589,3.3902,62.2394,,CONEVAL anexos estatales
01,AGUASCALIENTES,2013,36.2624,2.7435,61.158,,CONEVAL anexos estatales
01,AGUASCALIENTES,2014,34.7659,2.0967,60.0766,,CONEVAL anexos estatales
01,AGUASCALIENTES,2015,31.8562,2.1566,57.0622,,CONEVAL anexos estatales
01,AGUASCALIENTES,2016,28.9465,2.2166,54.0477,,CONEVAL anexos estatales
01,AGUASCALIENTES,2017,27.6059,1.6024,52.926,,CONEVAL anexos estatales
01,AGUASCALIENTES,2018,26.2654,0.9883,51.8042,,CONEVAL anexos estatales
01,AGUASCALIENTES,2019,26.9461,1.7026,52.5085,,CONEVAL anexos estatales
01,AGUASCALIENTES,2020,27.6267,2.4169,53.2129,,CONEVAL anexos estatales
01,AGUASCALIENTES,2021,25.6745,2.0878,53.4148,,CONEVAL anexos estatales
01,AGUASCALIENTES,2022,23.7223,1.7586,53.6167,,CONEVAL anexos estatales
01,AGUASCALIENTES,2023,23.7223,1.7586,53.6167,,CONEVAL anexos estatales
01,AGUASCALIENTES,2024,23.7223,1.7586,53.6167,,CONEVAL anexos estatales
02,BAJA CALIFORNIA,2010,31.5202,3.373,69.4086,,CONEVAL anexos estatales
02,BAJA CALIFORNIA,2011,30.8648,3.0549,68.6262,,CONEVAL anexos estatales
02,BAJA CALIFORNIA,2012,30.2094,2.7368,67.8439,,CONEVAL anexos estatales
02,BAJA CALIFORNIA,2013,29.4037,2.9007,67.3775,,CONEVAL anexos estatales
02,BAJA CALIFORNIA,2014,28.598,3.0645,66.9112,,CONEVAL anexos estatales
02,BAJA CALIFORNIA,2015,25.6014,2.0128,61.5472,,CONEVAL anexos estatales
02,BAJA CALIFORNIA,2016,22.6049,0.961,56.1831,,CONEVAL anexos estatales
02,BAJA CALIFORNIA,2017,23.1018,1.1562,56.8463,,CONEVAL anexos estatales
02,BAJA CALIFORNIA,2018,23.5987,1.3513,57.5095,,CONEVAL anexos estatales
02,BAJA CALIFORNIA,2019,23.0544,1.4422,57.1857,,CONEVAL anexos estatales
02,BAJA CALIFORNIA,2020,22.5101,1.5331,56.862,,CONEVAL anexos estatales
02,BAJA CALIFORNIA,2021,17.9405,1.4195,54.1415,,CONEVAL anexos estatales
02,BAJA CALIFORNIA,2022,13.3708,1.3059,51.4211,,CONEVAL anexos estatales
02,BAJA CALIFORNIA,2023,13.3708,1.3059,51.4211,,CONEVAL anexos estatales
02,BAJA CALIFORNIA,2024,13.3708,1.3059,51.4211,,CONEVAL anexos estatales
03,BAJA CALIFORNIA SUR,2010,30.9947,4.626,63.5408,,CONEVAL anexos estatales
03,BAJA CALIFORNIA SUR,2011,30.5518,4.1508,61.8045,,CONEVAL anexos estatales
03,BAJA CALIFORNIA SUR,2012,30.1088,3.6756,60.0683,,CONEVAL anexos estatales
03,BAJA CALIFORNIA SUR,2013,30.1858,3.8107,62.3473,,CONEVAL anexos estatales
03,BAJA CALIFORNIA SUR,2014,30.2627,3.9457,64.6262,,CONEVAL anexos estatales
03,BAJA CALIFORNIA SUR,2015,26.5714,2.7165,60.8076,,CONEVAL anexos estatales
03,BAJA CALIFORNIA SUR,2016,22.88,1.4872,56.989,,CONEVAL anexos estatales
03,BAJA CALIFORNIA SUR,2017,20.7261,1.3274,56.6511,,CONEVAL anexos estatales
03,BAJA CALIFORNIA SUR,2018,18.5722,1.1676,56.3132,,CONEVAL anexos estatales
03,BAJA CALIFORNIA SUR,2019,23.0872,2.0316,56.9402,,CONEVAL anexos estatales
03,BAJA CALIFORNIA SUR,2020,27.6022,2.8957,57.5672,,CONEVAL anexos estatales
03,BAJA CALIFORNIA SUR,2021,20.4656,1.8287,54.3031,,CONEVAL anexos estatales
03,BAJA CALIFORNIA SUR,2022,13.329,0.7617,51.0391,,CONEVAL anexos estatales
03,BAJA CALIFORNIA SUR,2023,13.329,0.7617,51.0391,,CONEVAL anexos estatales
03,BAJA CALIFORNIA SUR,2024,13.329,0.7617,51.0391,,CONEVAL anexos estatales
04,CAMPECHE,2010,50.505,13.7844,75.4269,,CONEVAL anexos estatales
04,CAMPECHE,2011,47.5846,12.1163,74.3464,,CONEVAL anexos estatales
04,CAMPECHE,2012,44.6642,10.4482,73.266,,CONEVAL anexos estatales
04,CAMPECHE,2013,44.126,10.7554,74.4527,,CONEVAL anexos estatales
04,CAMPECHE,2014,43.5878,11.0627,75.6394,,CONEVAL anexos estatales
04,CAMPECHE,2015,44.624,8.8053,74.933,,CONEVAL anexos estatales
04,CAMPECHE,2016,45.6602,6.548,74.2266,,CONEVAL anexos estatales
04,CAMPECHE,2017,47.3122,8.0116,75.1377,,CONEVAL anexos estatales
04,CAMPECHE,2018,48.9643,9.4752,76.0487,,CONEVAL anexos estatales
04,CAMPECHE,2019,49.7567,10.7602,73.8066,,CONEVAL anexos estatales
04,CAMPECHE,2020,50.5491,12.0452,71.5644,,CONEVAL anexos estatales
04,CAMPECHE,2021,47.8393,10.8441,72.1973,,CONEVAL anexos estatales
04,CAMPECHE,2022,45.1294,9.643,72.8302,,CONEVAL anexos estatales
04,CAMPECHE,2023,45.1294,9.643,72.8302,,CONEVAL anexos estatales
04,CAMPECHE,2024,45.1294,9.643,72.8302,,CONEVAL anexos estatales
05,COAHUILA,2010,27.8109,2.9367,53.4,,CONEVAL anexos estatales
05,COAHUILA,2011,27.8684,3.0876,52.8799,,CONEVAL anexos estatales
05,COAHUILA,2012,27.926,3.2386,52.3599,,CONEVAL anexos estatales
05,COAHUILA,2013,29.0487,3.4877,53.369,,CONEVAL anexos estatales
05,COAHUILA,2014,30.1714,3.7368,54.3782,,CONEVAL anexos estatales
05,COAHUILA,2015,28.6135,2.831,50.98,,CONEVAL anexos estatales
05,COAHUILA,2016,27.0557,1.9251,47.5818,,CONEVAL anexos estatales
05,COAHUILA,2017,26.2817,1.7276,47.5653,,CONEVAL anexos estatales
05,COAHUILA,2018,25.5077,1.53,47.5487,,CONEVAL anexos estatales
05,COAHUILA,2019,25.5624,2.0422,47.2013,,CONEVAL anexos estatales
05,COAHUILA,2020,25.617,2.5544,46.8539,,CONEVAL anexos estatales
05,COAHUILA,2021,21.9302,2.1753,44.6088,,CONEVAL anexos estatales
05,COAHUILA,2022,18.2433,1.7962,42.3636,,CONEVAL anexos estatales
05,COAHUILA,2023,18.2433,1.7962,42.3636,,CONEVAL anexos estatales
05,COAHUILA,2024,18.2433,1.7962,42.3636,,CONEVAL anexos estatales
06,COLIMA,2010,34.6928,2.5211,68.4466,,CONEVAL anexos estatales
06,COLIMA,2011,34.5544,3.2504,67.3026,,CONEVAL anexos estatales
06,COLIMA,2012,34.4159,3.9798,66.1585,,CONEVAL anexos estatales
06,COLIMA,2013,34.3808,3.6975,66.8422,,CONEVAL anexos estatales
06,COLIMA,2014,34.3457,3.4153,67.5259,,CONEVAL anexos estatales
06,COLIMA,2015,33.4395,2.7836,65.0973,,CONEVAL anexos estatales
06,COLIMA,2016,32.5332,2.1519,62.6686,,CONEVAL anexos estatales
06,COLIMA,2017,31.472,2.0343,62.7958,,CONEVAL anexos estatales
06,COLIMA,2018,30.4108,1.9167,62.9231,,CONEVAL anexos estatales
06,COLIMA,2019,28.5521,1.8878,61.2311,,CONEVAL anexos estatales
06,COLIMA,2020,26.6935,1.8589,59.5392,,CONEVAL anexos estatales
06,COLIMA,2021,23.6203,1.5352,55.973,,CONEVAL anexos estatales
06,COLIMA,2022,20.5472,1.2116,52.4068,,CONEVAL anexos estatales
06,COLIMA,2023,20.5472,1.2116,52.4068,,CONEVAL anexos estatales
06,COLIMA,2024,20.5472,1.2116,52.4068,,CONEVAL anexos estatales
07,CHIAPAS,2010,78.4834,38.2727,91.5025,,CONEVAL anexos estatales
07,CHIAPAS,2011,76.5854,35.2218,91.6821,,CONEVAL anexos estatales
07,CHIAPAS,2012,74.6873,32.1709,91.8618,,CONEVAL anexos estatales
07,CHIAPAS,2013,75.4479,32.0002,91.6669,,CONEVAL anexos estatales
07,CHIAPAS,2014,76.2085,31.8294,91.472,,CONEVAL anexos estatales
07,CHIAPAS,2015,77.0606,30.7324,90.5793,,CONEVAL anexos estatales
07,CHIAPAS,2016,77.9128,29.6353,89.6866,,CONEVAL anexos estatales
07,CHIAPAS,2017,77.9539,30.1015,89.9738,,CONEVAL anexos estatales
07,CHIAPAS,2018,77.995,30.5676,90.2609,,CONEVAL anexos estatales
07,CHIAPAS,2019,76.7432,29.8087,89.935,,CONEVAL anexos estatales
07,CHIAPAS,2020,75.4913,29.0498,89.6091,,CONEVAL anexos estatales
07,CHIAPAS,2021,71.4311,28.6311,89.4344,,CONEVAL anexos estatales
07,CHIAPAS,2022,67.3708,28.2125,89.2596,,CONEVAL anexos estatales
07,CHIAPAS,2023,67.3708,28.2125,89.2596,,CONEVAL anexos estatales
07,CHIAPAS,2024,67.3708,28.2125,89.2596,,CONEVAL anexos estatales
08,CHIHUAHUA,2010,38.8066,6.5609,61.6245,,CONEVAL anexos estatales
08,CHIHUAHUA,2011,37.0305,5.1681,62.1388,,CONEVAL anexos estatales
08,CHIHUAHUA,2012,35.2545,3.7753,62.653,,CONEVAL anexos estatales
08,CHIHUAHUA,2013,34.8226,4.6094,61.4228,,CONEVAL anexos estatales
08,CHIHUAHUA,2014,34.3907,5.4435,60.1925,,CONEVAL anexos estatales
08,CHIHUAHUA,2015,32.5462,4.3757,57.7894,,CONEVAL anexos estatales
08,CHIHUAHUA,2016,30.7016,3.3078,55.3863,,CONEVAL anexos estatales
08,CHIHUAHUA,2017,28.6722,2.9209,54.7104,,CONEVAL anexos estatales
08,CHIHUAHUA,2018,26.6428,2.5339,54.0345,,CONEVAL anexos estatales
08,CHIHUAHUA,2019,25.9739,2.7344,51.8895,,CONEVAL anexos estatales
08,CHIHUAHUA,2020,25.305,2.9349,49.7446,,CONEVAL anexos estatales
08,CHIHUAHUA,2021,21.4386,2.5155,48.7194,,CONEVAL anexos estatales
08,CHIHUAHUA,2022,17.5722,2.0961,47.6943,,CONEVAL anexos estatales
08,CHIHUAHUA,2023,17.5722,2.0961,47.6943,,CONEVAL anexos estatales
08,CHIHUAHUA,2024,17.5722,2.0961,47.6943,,CONEVAL anexos estatales
09,CIUDAD DE MEXICO,2010,28.5441,2.1643,62.923,,CONEVAL anexos estatales
09,CIUDAD DE MEXICO,2011,28.7249,2.3161,62.0956,,CONEVAL anexos estatales
09,CIUDAD DE MEXICO,2012,28.9057,2.4679,61.2683,,CONEVAL anexos estatales
09,CIUDAD DE MEXICO,2013,28.639,2.0873,58.7967,,CONEVAL anexos estatales
09,CIUDAD DE MEXICO,2014,28.3723,1.7067,56.3251,,CONEVAL anexos estatales
09,CIUDAD DE MEXICO,2015,27.4861,1.7048,55.3117,,CONEVAL anexos estatales
09,CIUDAD DE MEXICO,2016,26.5999,1.7029,54.2983,,CONEVAL anexos estatales
09,CIUDAD DE MEXICO,2017,28.2838,1.6783,54.7182,,CONEVAL anexos estatales
09,CIUDAD DE MEXICO,2018,29.9678,1.6536,55.138,,CONEVAL anexos estatales
09,CIUDAD DE MEXICO,2019,31.2861,2.9959,54.5455,,CONEVAL anexos estatales
09,CIUDAD DE MEXICO,2020,32.6045,4.3381,53.953,,CONEVAL anexos estatales
09,CIUDAD DE MEXICO,2021,28.286,3.0254,52.3307,,CONEVAL anexos estatales
09,CIUDAD DE MEXICO,2022,23.9676,1.7126,50.7085,,CONEVAL anexos estatales
09,CIUDAD DE MEXICO,2023,23.9676,1.7126,50.7085,,CONEVAL anexos estatales
09,CIUDAD DE MEXICO,2024,23.9676,1.7126,50.7085,,CONEVAL anexos estatales
10,DURANGO,2010,51.5742,10.4744,72.6244,,CONEVAL anexos estatales
10,DURANGO,2011,50.8154,8.969,72.2287,,CONEVAL anexos estatales
10,DURANGO,2012,50.0567,7.4635,71.8329,,CONEVAL anexos estatales
10,DURANGO,2013,46.7606,6.3867,69.7941,,CONEVAL anexos estatales
10,DURANGO,2014,43.4644,5.3099,67.7553,,CONEVAL anexos estatales
10,DURANGO,2015,40.3288,4.0123,65.5833,,CONEVAL anexos estatales
10,DURANGO,2016,37.1931,2.7146,63.4113,,CONEVAL anexos estatales
10,DURANGO,2017,37.9901,2.4324,62.6877,,CONEVAL anexos estatales
10,DURANGO,2018,38.7872,2.1502,61.9641,,CONEVAL anexos estatales
10,DURANGO,2019,38.7394,3.2273,61.9744,,CONEVAL anexos estatales
10,DURANGO,2020,38.6917,4.3044,61.9846,,CONEVAL anexos estatales
10,DURANGO,2021,36.5014,5.3032,62.2255,,CONEVAL anexos estatales
10,DURANGO,2022,34.3111,6.302,62.4665,,CONEVAL anexos estatales
10,DURANGO,2023,34.3111,6.302,62.4665,,CONEVAL anexos estatales
10,DURANGO,2024,34.3111,6.302,62.4665,,CONEVAL anexos estatales
11,GUANAJUATO,2010,48.5123,8.424,77.4212,,CONEVAL anexos estatales
11,GUANAJUATO,2011,46.4895,7.6612,77.2398,,CONEVAL anexos estatales
11,GUANAJUATO,2012,44.4666,6.8984,77.0584,,CONEVAL anexos estatales
11,GUANAJUATO,2013,45.5108,6.2044,75.6419,,CONEVAL anexos estatales
11,GUANAJUATO,2014,46.555,5.5103,74.2255,,CONEVAL anexos estatales
11,GUANAJUATO,2015,42.953,4.5909,72.4667,,CONEVAL anexos estatales
11,GUANAJUATO,2016,39.3511,3.6715,70.7079,,CONEVAL anexos estatales
11,GUANAJUATO,2017,40.4196,3.6204,70.7766,,CONEVAL anexos estatales
11,GUANAJUATO,2018,41.4881,3.5692,70.8454,,CONEVAL anexos estatales
11,GUANAJUATO,2019,42.1153,4.0523,70.8724,,CONEVAL anexos estatales
11,GUANAJUATO,2020,42.7424,4.5354,70.8994,,CONEVAL anexos estatales
11,GUANAJUATO,2021,37.8883,3.8878,69.003,,CONEVAL anexos estatales
11,GUANAJUATO,2022,33.0343,3.2402,67.1066,,CONEVAL anexos estatales
11,GUANAJUATO,2023,33.0343,3.2402,67.1066,,CONEVAL anexos estatales
11,GUANAJUATO,2024,33.0343,3.2402,67.1066,,CONEVAL anexos estatales
12,GUERRERO,2010,67.5706,31.8299,90.529,,CONEVAL anexos estatales
12,GUERRERO,2011,68.6334,31.7707,90.9602,,CONEVAL anexos estatales
12,GUERRERO,2012,69.6961,31.7114,91.3913,,CONEVAL anexos estatales
12,GUERRERO,2013,67.4571,28.0819,91.3825,,CONEVAL anexos estatales
12,GUERRERO,2014,65.2181,24.4524,91.3738,,CONEVAL anexos estatales
12,GUERRERO,2015,66.0231,23.8363,89.4223,,CONEVAL anexos estatales
12,GUERRERO,2016,66.8282,23.2201,87.4708,,CONEVAL anexos estatales
12,GUERRERO,2017,67.3591,25.0738,87.7754,,CONEVAL anexos estatales
12,GUERRERO,2018,67.89,26.9274,88.08,,CONEVAL anexos estatales
12,GUERRERO,2019,67.1479,26.2159,88.0761,,CONEVAL anexos estatales
12,GUERRERO,2020,66.4057,25.5044,88.0722,,CONEVAL anexos estatales
12,GUERRERO,2021,63.3802,23.8672,87.3181,,CONEVAL anexos estatales
12,GUERRERO,2022,60.3547,22.23,86.5641,,CONEVAL anexos estatales
12,GUERRERO,2023,60.3547,22.23,86.5641,,CONEVAL anexos estatales
12,GUERRERO,2024,60.3547,22.23,86.5641,,CONEVAL anexos estatales
13,HIDALGO,2010,54.6685,13.4722,82.1293,,CONEVAL anexos estatales
13,HIDALGO,2011,53.7208,11.717,82.7946,,CONEVAL anexos estatales
13,HIDALGO,2012,52.7731,9.9618,83.4598,,CONEVAL anexos estatales
13,HIDALGO,2013,53.5383,11.1286,81.7861,,CONEVAL anexos estatales
13,HIDALGO,2014,54.3036,12.2954,80.1124,,CONEVAL anexos estatales
13,HIDALGO,2015,55.6029,10.9038,80.5266,,CONEVAL anexos estatales
13,HIDALGO,2016,56.9022,9.5121,80.9408,,CONEVAL anexos estatales
13,HIDALGO,2017,53.386,8.2707,81.099,,CONEVAL anexos estatales
13,HIDALGO,2018,49.8697,7.0292,81.2571,,CONEVAL anexos estatales
13,HIDALGO,2019,50.3103,7.586,79.4228,,CONEVAL anexos estatales
13,HIDALGO,2020,50.7508,8.1427,77.5885,,CONEVAL anexos estatales
13,HIDALGO,2021,45.8749,7.4607,77.7797,,CONEVAL anexos estatales
13,HIDALGO,2022,40.999,6.7787,77.971,,CONEVAL anexos estatales
13,HIDALGO,2023,40.999,6.7787,77.971,,CONEVAL anexos estatales
13,HIDALGO,2024,40.999,6.7787,77.971,,CONEVAL anexos estatales
14,JALISCO,2010,37.0497,5.2547,70.7431,,CONEVAL anexos estatales
14,JALISCO,2011,38.4194,5.5368,69.4363,,CONEVAL anexos estatales
14,JALISCO,2012,39.7891,5.8188,68.1296,,CONEVAL anexos estatales
14,JALISCO,2013,37.5788,4.5201,66.5596,,CONEVAL anexos estatales
14,JALISCO,2014,35.3684,3.2214,64.9896,,CONEVAL anexos estatales
14,JALISCO,2015,32.9184,2.3473,63.5392,,CONEVAL anexos estatales
14,JALISCO,2016,30.4684,1.4732,62.0887,,CONEVAL anexos estatales
14,JALISCO,2017,29.135,1.8865,61.9348,,CONEVAL anexos estatales
14,JALISCO,2018,27.8015,2.2998,61.7809,,CONEVAL anexos estatales
14,JALISCO,2019,29.6085,2.652,60.7739,,CONEVAL anexos estatales
14,JALISCO,2020,31.4155,3.0042,59.7669,,CONEVAL anexos estatales
14,JALISCO,2021,26.6258,2.564,59.7014,,CONEVAL anexos estatales
14,JALISCO,2022,21.8362,2.1237,59.6359,,CONEVAL anexos estatales
14,JALISCO,2023,21.8362,2.1237,59.6359,,CONEVAL anexos estatales
14,JALISCO,2024,21.8362,2.1237,59.6359,,CONEVAL anexos estatales
15,ESTADO DE MEXICO,2010,42.8914,8.5707,75.042,,CONEVAL anexos estatales
15,ESTADO DE MEXICO,2011,44.1129,7.2102,74.9293,,CONEVAL anexos estatales
15,ESTADO DE MEXICO,2012,45.3344,5.8497,74.8167,,CONEVAL anexos estatales
15,ESTADO DE MEXICO,2013,47.4672,6.544,74.0381,,CONEVAL anexos estatales
15,ESTADO DE MEXICO,2014,49.6,7.2383,73.2596,,CONEVAL anexos estatales
15,ESTADO DE MEXICO,2015,48.1227,6.4574,70.3748,,CONEVAL anexos estatales
15,ESTADO DE MEXICO,2016,46.6454,5.6765,67.49,,CONEVAL anexos estatales
15,ESTADO DE MEXICO,2017,44.2099,5.1643,67.7664,,CONEVAL anexos estatales
15,ESTADO DE MEXICO,2018,41.7745,4.652,68.0428,,CONEVAL anexos estatales
15,ESTADO DE MEXICO,2019,45.3195,6.4317,67.5034,,CONEVAL anexos estatales
15,ESTADO DE MEXICO,2020,48.8646,8.2114,66.9639,,CONEVAL anexos estatales
15,ESTADO DE MEXICO,2021,45.87,7.0857,66.6447,,CONEVAL anexos estatales
15,ESTADO DE MEXICO,2022,42.8755,5.96,66.3254,,CONEVAL anexos estatales
15,ESTADO DE MEXICO,2023,42.8755,5.96,66.3254,,CONEVAL anexos estatales
15,ESTADO DE MEXICO,2024,42.8755,5.96,66.3254,,CONEVAL anexos estatales
16,MICHOACAN,2010,54.7282,13.4958,83.3739,,CONEVAL anexos estatales
16,MICHOACAN,2011,54.5474,13.9705,84.2073,,CONEVAL anexos estatales
16,MICHOACAN,2012,54.3666,14.4451,85.0408,,CONEVAL anexos estatales
16,MICHOACAN,2013,56.807,14.2423,84.6386,,CONEVAL anexos estatales
16,MICHOACAN,2014,59.2473,14.0395,84.2365,,CONEVAL anexos estatales
16,MICHOACAN,2015,56.7049,11.1741,83.1126,,CONEVAL anexos estatales
16,MICHOACAN,2016,54.1625,8.3086,81.9888,,CONEVAL anexos estatales
16,MICHOACAN,2017,50.187,6.8122,80.5664,,CONEVAL anexos estatales
16,MICHOACAN,2018,46.2115,5.3158,79.1441,,CONEVAL anexos estatales
16,MICHOACAN,2019,45.3604,6.4518,78.7564,,CONEVAL anexos estatales
16,MICHOACAN,2020,44.5093,7.5878,78.3687,,CONEVAL anexos estatales
16,MICHOACAN,2021,43.1228,7.5569,78.2221,,CONEVAL anexos estatales
16,MICHOACAN,2022,41.7363,7.5261,78.0754,,CONEVAL anexos estatales
16,MICHOACAN,2023,41.7363,7.5261,78.0754,,CONEVAL anexos estatales
16,MICHOACAN,2024,41.7363,7.5261,78.0754,,CONEVAL anexos estatales
17,MORELOS,2010,43.2422,6.9343,76.8773,,CONEVAL anexos estatales
17,MORELOS,2011,44.3472,6.6241,77.1869,,CONEVAL anexos estatales
17,MORELOS,2012,45.4522,6.314,77.4965,,CONEVAL anexos estatales
17,MORELOS,2013,48.8621,7.0828,77.7559,,CONEVAL anexos estatales
17,MORELOS,2014,52.272,7.8517,78.0152,,CONEVAL anexos estatales
17,MORELOS,2015,49.4827,6.4751,75.5276,,CONEVAL anexos estatales
17,MORELOS,2016,46.6934,5.0986,73.0401,,CONEVAL anexos estatales
17,MORELOS,2017,47.6188,5.6339,75.1998,,CONEVAL anexos estatales
17,MORELOS,2018,48.5441,6.1693,77.3595,,CONEVAL anexos estatales
17,MORELOS,2019,49.745,7.3055,76.0088,,CONEVAL anexos estatales
17,MORELOS,2020,50.9458,8.4417,74.6581,,CONEVAL anexos estatales
17,MORELOS,2021,46.0008,7.1436,73.2783,,CONEVAL anexos estatales
17,MORELOS,2022,41.0559,5.8455,71.8985,,CONEVAL anexos estatales
17,MORELOS,2023,41.0559,5.8455,71.8985,,CONEVAL anexos estatales
17,MORELOS,2024,41.0559,5.8455,71.8985,,CONEVAL anexos estatales
18,NAYARIT,2010,41.3573,8.3102,74.7941,,CONEVAL anexos estatales
18,NAYARIT,2011,44.4913,10.1212,75.3149,,CONEVAL anexos estatales
18,NAYARIT,2012,47.6253,11.9322,75.8357,,CONEVAL anexos estatales
18,NAYARIT,2013,44.0643,10.1976,72.8928,,CONEVAL anexos estatales
18,NAYARIT,2014,40.5033,8.463,69.9498,,CONEVAL anexos estatales
18,NAYARIT,2015,39.3038,8.1068,68.7936,,CONEVAL anexos estatales
18,NAYARIT,2016,38.1043,7.7507,67.6373,,CONEVAL anexos estatales
18,NAYARIT,2017,36.9124,6.6634,67.5178,,CONEVAL anexos estatales
18,NAYARIT,2018,35.7205,5.5761,67.3984,,CONEVAL anexos estatales
18,NAYARIT,2019,33.063,4.6854,66.5895,,CONEVAL anexos estatales
18,NAYARIT,2020,30.4054,3.7947,65.7806,,CONEVAL anexos estatales
18,NAYARIT,2021,29.8593,5.112,66.2605,,CONEVAL anexos estatales
18,NAYARIT,2022,29.3132,6.4292,66.7404,,CONEVAL anexos estatales
18,NAYARIT,2023,29.3132,6.4292,66.7404,,CONEVAL anexos estatales
18,NAYARIT,2024,29.3132,6.4292,66.7404,,CONEVAL anexos estatales
19,NUEVO LEON,2010,21.0176,1.8258,52.6458,,CONEVAL anexos estatales
19,NUEVO LEON,2011,22.1322,2.1188,52.4958,,CONEVAL anexos estatales
19,NUEVO LEON,2012,23.2468,2.4117,52.3459,,CONEVAL anexos estatales
19,NUEVO LEON,2013,21.8065,1.8701,50.3624,,CONEVAL anexos estatales
19,NUEVO LEON,2014,20.3662,1.3285,48.379,,CONEVAL anexos estatales
19,NUEVO LEON,2015,19.6033,1.2956,47.6312,,CONEVAL anexos estatales
19,NUEVO LEON,2016,18.8403,1.2628,46.8834,,CONEVAL anexos estatales
19,NUEVO LEON,2017,19.1118,0.9986,45.8074,,CONEVAL anexos estatales
19,NUEVO LEON,2018,19.3833,0.7345,44.7314,,CONEVAL anexos estatales
19,NUEVO LEON,2019,21.8568,1.4246,46.7668,,CONEVAL anexos estatales
19,NUEVO LEON,2020,24.3304,2.1148,48.8023,,CONEVAL anexos estatales
19,NUEVO LEON,2021,20.1854,1.5933,46.6405,,CONEVAL anexos estatales
19,NUEVO LEON,2022,16.0404,1.0718,44.4788,,CONEVAL anexos estatales
19,NUEVO LEON,2023,16.0404,1.0718,44.4788,,CONEVAL anexos estatales
19,NUEVO LEON,2024,16.0404,1.0718,44.4788,,CONEVAL anexos estatales
20,OAXACA,2010,66.9874,29.2453,89.1669,,CONEVAL anexos estatales
20,OAXACA,2011,64.4624,26.2819,88.5837,,CONEVAL anexos estatales
20,OAXACA,2012,61.9374,23.3184,88.0004,,CONEVAL anexos estatales
20,OAXACA,2013,64.3437,25.8264,89.0058,,CONEVAL anexos estatales
20,OAXACA,2014,66.7501,28.3344,90.0112,,CONEVAL anexos estatales
20,OAXACA,2015,67.3639,26.2954,89.8896,,CONEVAL anexos estatales
20,OAXACA,2016,67.9776,24.2563,89.7679,,CONEVAL anexos estatales
20,OAXACA,2017,66.1568,22.9734,88.7502,,CONEVAL anexos estatales
20,OAXACA,2018,64.336,21.6905,87.7325,,CONEVAL anexos estatales
20,OAXACA,2019,63.0001,21.1689,87.3243,,CONEVAL anexos estatales
20,OAXACA,2020,61.6642,20.6473,86.916,,CONEVAL anexos estatales
20,OAXACA,2021,60.0523,20.4399,87.2672,,CONEVAL anexos estatales
20,OAXACA,2022,58.4403,20.2324,87.6184,,CONEVAL anexos estatales
20,OAXACA,2023,58.4403,20.2324,87.6184,,CONEVAL anexos estatales
20,OAXACA,2024,58.4403,20.2324,87.6184,,CONEVAL anexos estatales
21,PUEBLA,2010,61.4831,17.0312,83.0953,,CONEVAL anexos estatales
21,PUEBLA,2011,62.9767,17.3187,84.7622,,CONEVAL anexos estatales
21,PUEBLA,2012,64.4704,17.6062,86.4292,,CONEVAL anexos estatales
21,PUEBLA,2013,64.5037,16.8834,85.4069,,CONEVAL anexos estatales
21,PUEBLA,2014,64.537,16.1606,84.3846,,CONEVAL anexos estatales
21,PUEBLA,2015,61.3316,12.0592,82.2689,,CONEVAL anexos estatales
21,PUEBLA,2016,58.1261,7.9579,80.1533,,CONEVAL anexos estatales
21,PUEBLA,2017,58.0678,8.032,80.1796,,CONEVAL anexos estatales
21,PUEBLA,2018,58.0094,8.1062,80.206,,CONEVAL anexos estatales
21,PUEBLA,2019,60.2208,10.4247,80.2466,,CONEVAL anexos estatales
21,PUEBLA,2020,62.4321,12.7432,80.2873,,CONEVAL anexos estatales
21,PUEBLA,2021,58.2247,12.0724,79.6972,,CONEVAL anexos estatales
21,PUEBLA,2022,54.0173,11.4016,79.1071,,CONEVAL anexos estatales
21,PUEBLA,2023,54.0173,11.4016,79.1071,,CONEVAL anexos estatales
21,PUEBLA,2024,54.0173,11.4016,79.1071,,CONEVAL anexos estatales
22,QUERETARO,2010,41.4106,7.421,73.1507,,CONEVAL anexos estatales
22,QUERETARO,2011,39.1639,6.2861,71.3527,,CONEVAL anexos estatales
22,QUERETARO,2012,36.9171,5.1513,69.5548,,CONEVAL anexos estatales
22,QUERETARO,2013,35.5462,4.5007,68.4086,,CONEVAL anexos estatales
22,QUERETARO,2014,34.1753,3.8501,67.2624,,CONEVAL anexos estatales
22,QUERETARO,2015,31.9317,3.1786,64.1124,,CONEVAL anexos estatales
22,QUERETARO,2016,29.6881,2.5071,60.9625,,CONEVAL anexos estatales
22,QUERETARO,2017,28.0308,2.0878,61.0718,,CONEVAL anexos estatales
22,QUERETARO,2018,26.3735,1.6685,61.1811,,CONEVAL anexos estatales
22,QUERETARO,2019,28.8494,2.2896,61.5101,,CONEVAL anexos estatales
22,QUERETARO,2020,31.3253,2.9108,61.8392,,CONEVAL anexos estatales
22,QUERETARO,2021,26.508,2.3144,59.9456,,CONEVAL anexos estatales
22,QUERETARO,2022,21.6907,1.7179,58.052,,CONEVAL anexos estatales
22,QUERETARO,2023,21.6907,1.7179,58.052,,CONEVAL anexos estatales
22,QUERETARO,2024,21.6907,1.7179,58.052,,CONEVAL anexos estatales
23,QUINTANA ROO,2010,34.6268,6.4259,70.7042,,CONEVAL anexos estatales
23,QUINTANA ROO,2011,36.7101,7.4194,69.9584,,CONEVAL anexos estatales
23,QUINTANA ROO,2012,38.7933,8.413,69.2126,,CONEVAL anexos estatales
23,QUINTANA ROO,2013,37.3378,7.6961,69.6227,,CONEVAL anexos estatales
23,QUINTANA ROO,2014,35.8822,6.9793,70.0328,,CONEVAL anexos estatales
23,QUINTANA ROO,2015,33.7675,6.0042,67.4982,,CONEVAL anexos estatales
23,QUINTANA ROO,2016,31.6529,5.0291,64.9636,,CONEVAL anexos estatales
23,QUINTANA ROO,2017,30.9225,4.4212,64.9889,,CONEVAL anexos estatales
23,QUINTANA ROO,2018,30.1921,3.8132,65.0142,,CONEVAL anexos estatales
23,QUINTANA ROO,2019,38.8362,7.2094,66.9947,,CONEVAL anexos estatales
23,QUINTANA ROO,2020,47.4803,10.6055,68.9751,,CONEVAL anexos estatales
23,QUINTANA ROO,2021,37.2232,7.3785,65.8081,,CONEVAL anexos estatales
23,QUINTANA ROO,2022,26.966,4.1515,62.6411,,CONEVAL anexos estatales
23,QUINTANA ROO,2023,26.966,4.1515,62.6411,,CONEVAL anexos estatales
23,QUINTANA ROO,2024,26.966,4.1515,62.6411,,CONEVAL anexos estatales
24,SAN LUIS POTOSI,2010,52.4006,15.3385,73.338,,CONEVAL anexos estatales
24,SAN LUIS POTOSI,2011,51.4666,14.068,74.2629,,CONEVAL anexos estatales
24,SAN LUIS POTOSI,2012,50.5326,12.7976,75.1878,,CONEVAL anexos estatales
24,SAN LUIS POTOSI,2013,49.817,11.1411,74.2963,,CONEVAL anexos estatales
24,SAN LUIS POTOSI,2014,49.1014,9.4846,73.4049,,CONEVAL anexos estatales
24,SAN LUIS POTOSI,2015,46.6193,7.9474,71.0413,,CONEVAL anexos estatales
24,SAN LUIS POTOSI,2016,44.1372,6.4103,68.6777,,CONEVAL anexos estatales
24,SAN LUIS POTOSI,2017,43.1027,6.5692,68.4637,,CONEVAL anexos estatales
24,SAN LUIS POTOSI,2018,42.0682,6.7282,68.2498,,CONEVAL anexos estatales
24,SAN LUIS POTOSI,2019,42.4572,7.7866,68.0925,,CONEVAL anexos estatales
24,SAN LUIS POTOSI,2020,42.8462,8.845,67.9353,,CONEVAL anexos estatales
24,SAN LUIS POTOSI,2021,39.1845,8.1288,65.956,,CONEVAL anexos estatales
24,SAN LUIS POTOSI,2022,35.5228,7.4127,63.9767,,CONEVAL anexos estatales
24,SAN LUIS POTOSI,2023,35.5228,7.4127,63.9767,,CONEVAL anexos estatales
24,SAN LUIS POTOSI,2024,35.5228,7.4127,63.9767,,CONEVAL anexos estatales
25,SINALOA,2010,36.6687,5.4646,70.0047,,CONEVAL anexos estatales
25,SINALOA,2011,36.4645,4.9689,69.9029,,CONEVAL anexos estatales
25,SINALOA,2012,36.2604,4.4733,69.8011,,CONEVAL anexos estatales
25,SINALOA,2013,37.8149,4.8653,69.7696,,CONEVAL anexos estatales
25,SINALOA,2014,39.3694,5.2574,69.7382,,CONEVAL anexos estatales
25,SINALOA,2015,34.9137,3.9078,65.3978,,CONEVAL anexos estatales
25,SINALOA,2016,30.458,2.5582,61.0574,,CONEVAL anexos estatales
25,SINALOA,2017,30.7211,2.3748,61.8517,,CONEVAL anexos estatales
25,SINALOA,2018,30.9843,2.1914,62.646,,CONEVAL anexos estatales
25,SINALOA,2019,29.5278,2.3111,61.3813,,CONEVAL anexos estatales
25,SINALOA,2020,28.0714,2.4307,60.1167,,CONEVAL anexos estatales
25,SINALOA,2021,24.8551,2.1194,58.6409,,CONEVAL anexos estatales
25,SINALOA,2022,21.6388,1.808,57.1651,,CONEVAL anexos estatales
25,SINALOA,2023,21.6388,1.808,57.1651,,CONEVAL anexos estatales
25,SINALOA,2024,21.6388,1.808,57.1651,,CONEVAL anexos estatales
26,SONORA,2010,33.1489,5.1305,64.753,,CONEVAL anexos estatales
26,SONORA,2011,31.1344,5.0443,65.2152,,CONEVAL anexos estatales
26,SONORA,2012,29.1198,4.9581,65.6775,,CONEVAL anexos estatales
26,SONORA,2013,29.239,4.1258,63.5494,,CONEVAL anexos estatales
26,SONORA,2014,29.3582,3.2936,61.4213,,CONEVAL anexos estatales
26,SONORA,2015,28.183,2.7008,59.1226,,CONEVAL anexos estatales
26,SONORA,2016,27.0078,2.1081,56.8239,,CONEVAL anexos estatales
26,SONORA,2017,26.8359,2.1678,56.2062,,CONEVAL anexos estatales
26,SONORA,2018,26.664,2.2275,55.5885,,CONEVAL anexos estatales
26,SONORA,2019,28.294,2.8877,55.7953,,CONEVAL anexos estatales
26,SONORA,2020,29.924,3.5478,56.0021,,CONEVAL anexos estatales
26,SONORA,2021,25.8086,2.6275,55.1928,,CONEVAL anexos estatales
26,SONORA,2022,21.6931,1.7072,54.3835,,CONEVAL anexos estatales
26,SONORA,2023,21.6931,1.7072,54.3835,,CONEVAL anexos estatales
26,SONORA,2024,21.6931,1.7072,54.3835,,CONEVAL anexos estatales
27,TABASCO,2010,57.096,13.5654,84.3212,,CONEVAL anexos estatales
27,TABASCO,2011,53.3929,13.9331,83.9815,,CONEVAL anexos estatales
27,TABASCO,2012,49.6899,14.3008,83.6418,,CONEVAL anexos estatales
27,TABASCO,2013,49.6303,12.6651,85.3331,,CONEVAL anexos estatales
27,TABASCO,2014,49.5706,11.0293,87.0244,,CONEVAL anexos estatales
27,TABASCO,2015,51.7071,11.2625,85.5847,,CONEVAL anexos estatales
27,TABASCO,2016,53.8436,11.4956,84.145,,CONEVAL anexos estatales
27,TABASCO,2017,55.0975,11.7813,84.2028,,CONEVAL anexos estatales
27,TABASCO,2018,56.3514,12.0669,84.2607,,CONEVAL anexos estatales
27,TABASCO,2019,55.4146,12.88,82.3001,,CONEVAL anexos estatales
27,TABASCO,2020,54.4778,13.6931,80.3396,,CONEVAL anexos estatales
27,TABASCO,2021,50.4759,12.4249,80.2242,,CONEVAL anexos estatales
27,TABASCO,2022,46.4741,11.1566,80.1089,,CONEVAL anexos estatales
27,TABASCO,2023,46.4741,11.1566,80.1089,,CONEVAL anexos estatales
27,TABASCO,2024,46.4741,11.1566,80.1089,,CONEVAL anexos estatales
28,TAMAULIPAS,2010,38.9512,5.4872,65.853,,CONEVAL anexos estatales
28,TAMAULIPAS,2011,38.6553,5.0785,65.499,,CONEVAL anexos estatales
28,TAMAULIPAS,2012,38.3594,4.6698,65.145,,CONEVAL anexos estatales
28,TAMAULIPAS,2013,38.1415,4.4952,63.718,,CONEVAL anexos estatales
28,TAMAULIPAS,2014,37.9236,4.3206,62.2911,,CONEVAL anexos estatales
28,TAMAULIPAS,2015,34.9835,3.5198,60.7638,,CONEVAL anexos estatales
28,TAMAULIPAS,2016,32.0434,2.719,59.2366,,CONEVAL anexos estatales
28,TAMAULIPAS,2017,33.2951,2.8559,58.4807,,CONEVAL anexos estatales
28,TAMAULIPAS,2018,34.5468,2.9928,57.7249,,CONEVAL anexos estatales
28,TAMAULIPAS,2019,34.7446,3.4148,56.8229,,CONEVAL anexos estatales
28,TAMAULIPAS,2020,34.9425,3.8369,55.921,,CONEVAL anexos estatales
28,TAMAULIPAS,2021,30.8826,3.3483,55.2482,,CONEVAL anexos estatales
28,TAMAULIPAS,2022,26.8227,2.8598,54.5754,,CONEVAL anexos estatales
28,TAMAULIPAS,2023,26.8227,2.8598,54.5754,,CONEVAL anexos estatales
28,TAMAULIPAS,2024,26.8227,2.8598,54.5754,,CONEVAL anexos estatales
29,TLAXCALA,2010,60.3129,9.9148,79.6541,,CONEVAL anexos estatales
29,TLAXCALA,2011,59.0962,9.5204,80.7287,,CONEVAL anexos estatales
29,TLAXCALA,2012,57.8794,9.1261,81.8032,,CONEVAL anexos estatales
29,TLAXCALA,2013,58.4035,7.8306,81.6461,,CONEVAL anexos estatales
29,TLAXCALA,2014,58.9276,6.5352,81.4889,,CONEVAL anexos estatales
29,TLAXCALA,2015,57.4304,6.1959,79.5342,,CONEVAL anexos estatales
29,TLAXCALA,2016,55.9333,5.8567,77.5794,,CONEVAL anexos estatales
29,TLAXCALA,2017,53.4494,4.5639,76.1267,,CONEVAL anexos estatales
29,TLAXCALA,2018,50.9655,3.2711,74.6739,,CONEVAL anexos estatales
29,TLAXCALA,2019,55.1265,6.5574,76.1012,,CONEVAL anexos estatales
29,TLAXCALA,2020,59.2875,9.8436,77.5285,,CONEVAL anexos estatales
29,TLAXCALA,2021,55.9038,8.2986,75.5022,,CONEVAL anexos estatales
29,TLAXCALA,2022,52.52,6.7536,73.4758,,CONEVAL anexos estatales
29,TLAXCALA,2023,52.52,6.7536,73.4758,,CONEVAL anexos estatales
29,TLAXCALA,2024,52.52,6.7536,73.4758,,CONEVAL anexos estatales
30,VERACRUZ,2010,57.5791,18.7574,81.2158,,CONEVAL anexos estatales
30,VERACRUZ,2011,55.1117,16.509,82.2071,,CONEVAL anexos estatales
30,VERACRUZ,2012,52.6443,14.2607,83.1983,,CONEVAL anexos estatales
30,VERACRUZ,2013,55.3247,15.7071,82.9853,,CONEVAL anexos estatales
30,VERACRUZ,2014,58.0052,17.1535,82.7723,,CONEVAL anexos estatales
30,VERACRUZ,2015,59.2485,15.9573,81.6538,,CONEVAL anexos estatales
30,VERACRUZ,2016,60.4919,14.7611,80.5353,,CONEVAL anexos estatales
30,VERACRUZ,2017,60.3236,15.4483,80.6997,,CONEVAL anexos estatales
30,VERACRUZ,2018,60.1553,16.1354,80.8641,,CONEVAL anexos estatales
30,VERACRUZ,2019,59.3792,15.0374,80.6078,,CONEVAL anexos estatales
30,VERACRUZ,2020,58.6032,13.9394,80.3514,,CONEVAL anexos estatales
30,VERACRUZ,2021,55.1678,13.5403,79.4113,,CONEVAL anexos estatales
30,VERACRUZ,2022,51.7324,13.1412,78.4712,,CONEVAL anexos estatales
30,VERACRUZ,2023,51.7324,13.1412,78.4712,,CONEVAL anexos estatales
30,VERACRUZ,2024,51.7324,13.1412,78.4712,,CONEVAL anexos estatales
31,YUCATAN,2010,48.3207,11.7197,74.328,,CONEVAL anexos estatales
31,YUCATAN,2011,48.5886,10.7757,75.1038,,CONEVAL anexos estatales
31,YUCATAN,2012,48.8565,9.8318,75.8795,,CONEVAL anexos estatales
31,YUCATAN,2013,47.3565,10.2587,74.7094,,CONEVAL anexos estatales
31,YUCATAN,2014,45.8565,10.6856,73.5393,,CONEVAL anexos estatales
31,YUCATAN,2015,45.6805,8.5926,73.127,,CONEVAL anexos estatales
31,YUCATAN,2016,45.5046,6.4996,72.7148,,CONEVAL anexos estatales
31,YUCATAN,2017,44.7673,6.5242,71.8333,,CONEVAL anexos estatales
31,YUCATAN,2018,44.03,6.5488,70.9518,,CONEVAL anexos estatales
31,YUCATAN,2019,46.7578,8.914,71.2721,,CONEVAL anexos estatales
31,YUCATAN,2020,49.4856,11.2792,71.5923,,CONEVAL anexos estatales
31,YUCATAN,2021,44.1291,8.4416,70.2999,,CONEVAL anexos estatales
31,YUCATAN,2022,38.7726,5.604,69.0075,,CONEVAL anexos estatales
31,YUCATAN,2023,38.7726,5.604,69.0075,,CONEVAL anexos estatales
31,YUCATAN,2024,38.7726,5.604,69.0075,,CONEVAL anexos estatales
32,ZACATECAS,2010,60.2475,10.8434,78.6017,,CONEVAL anexos estatales
32,ZACATECAS,2011,57.2306,9.1623,76.6177,,CONEVAL anexos estatales
32,ZACATECAS,2012,54.2137,7.4811,74.6336,,CONEVAL anexos estatales
32,ZACATECAS,2013,53.2797,6.5958,75.6775,,CONEVAL anexos estatales
32,ZACATECAS,2014,52.3458,5.7105,76.7214,,CONEVAL anexos estatales
32,ZACATECAS,2015,51.2702,4.7411,74.3967,,CONEVAL anexos estatales
32,ZACATECAS,2016,50.1946,3.7716,72.072,,CONEVAL anexos estatales
32,ZACATECAS,2017,49.7134,3.683,72.6424,,CONEVAL anexos estatales
32,ZACATECAS,2018,49.2321,3.5944,73.2129,,CONEVAL anexos estatales
32,ZACATECAS,2019,47.5015,3.7623,72.2425,,CONEVAL anexos estatales
32,ZACATECAS,2020,45.7708,3.9302,71.2721,,CONEVAL anexos estatales
32,ZACATECAS,2021,44.9933,4.5277,70.9576,,CONEVAL anexos estatales
32,ZACATECAS,2022,44.2159,5.1253,70.6431,,CONEVAL anexos estatales
32,ZACATECAS,2023,44.2159,5.1253,70.6431,,CONEVAL anexos estatales
32,ZACATECAS,2024,44.2159,5.1253,70.6431,,CONEVAL anexos estatales
