cve_estado,estado,anio,tasa_hom_doloso,tasa_secuestro,tasa_feminicidio,tasa_extorsion,fuente
01,AGUASCALIENTES,2010,0.0,0.0,0.0,0.0,SESNSP víctimas fuero común (datos.gob.mx vía incidencia-delictiva)
01,AGUASCALIENTES,2011,0.0,0.0,0.0,0.0,SESNSP víctimas fuero común (datos.gob.mx vía incidencia-delictiva)
01,AGUASCALIENTES,2012,0.0,0.0,0.0,0.0,SESNSP víctimas fuero común (datos.gob.mx vía incidencia-delictiva)
01,AGUASCALIENTES,2013,0.0,0.0,0.0,0.0,SESNSP víctimas fuero común (datos.gob.mx vía incidencia-delictiva)
01,AGUASCALIENTES,2014,0.0,0.0,0.0,0.0,SESNSP víctimas fuero común (datos.gob.mx vía incidencia-delictiva)
01,AGUASCALIENTES,2015,3.141,0.3831,0.0,3.2176,SESNSP víctimas fuero común (datos.gob.mx vía incidencia-delictiva)
01,AGUASCALIENTES,2016,3.1594,0.1504,0.0,5.2657,SESNSP víctimas fuero común (datos.gob.mx vía incidencia-delictiva)
01,AGUASCALIENTES,2017,6.1326,0.4433,0.0,9.2358,SESNSP víctimas fuero común (datos.gob.mx vía incidencia-delictiva)
01,AGUASCALIENTES,2018,5.5899,0.9437,0.2904,10.1635,SESNSP víctimas fuero común (datos.gob.mx vía incidencia-delictiva)
01,AGUASCALIENTES,2019,7.2777,0.9275,0.3567,8.562,SESNSP víctimas fuero común (datos.gob.mx vía incidencia-delictiva)
01,AGUASCALIENTES,2020,5.6818,1.5432,0.2104,8.1369,SESNSP víctimas fuero común (datos.gob.mx vía incidencia-delictiva)
01,AGUASCALIENTES,2021,5.8634,0.2759,0.6208,6.4842,SESNSP víctimas fuero común (datos.gob.mx vía incidencia-delictiva)
01,AGUASCALIENTES,2022,5.3606,0.4071,0.6786,7.4641,SESNSP víctimas fuero común (datos.gob.mx vía incidencia-delictiva)
01,AGUASCALIENTES,2023,6.3427,0.1335,0.2003,7.945,SESNSP víctimas fuero común (datos.gob.mx vía incidencia-delictiva)
01,AGUASCALIENTES,2024,7.8194,0.1314,0.46,7.2937,SESNSP víctimas fuero común (datos.gob.mx vía incidencia-delictiva)
02,BAJA CALIFORNIA,2010,0.0,0.0,0.0,0.0,SESNSP víctimas fuero común (datos.gob.mx vía incidencia-delictiva)
02,BAJA CALIFORNIA,2011,0.0,0.0,0.0,0.0,SESNSP víctimas fuero común (datos.gob.mx vía incidencia-delictiva)
02,BAJA CALIFORNIA,2012,0.0,0.0,0.0,0.0,SESNSP víctimas fuero común (datos.gob.mx vía incidencia-delictiva)
02,BAJA CALIFORNIA,2013,0.0,0.0,0.0,0.0,SESNSP víctimas fuero común (datos.gob.mx vía incidencia-delictiva)
02,BAJA CALIFORNIA,2014,0.0,0.0,0.0,0.0,SESNSP víctimas fuero común (datos.gob.mx vía incidencia-delictiva)
02,BAJA CALIFORNIA,2015,25.9673,0.6066,0.2888,6.4702,SESNSP víctimas fuero común (datos.gob.mx vía incidencia-delictiva)
02,BAJA CALIFORNIA,2016,35.3064,0.4257,0.369,5.1654,SESNSP víctimas fuero común (datos.gob.mx vía incidencia-delictiva)
02,BAJA CALIFORNIA,2017,64.4939,0.3626,0.3068,5.5791,SESNSP víctimas fuero común (datos.gob.mx vía incidencia-delictiva)
02,BAJA CALIFORNIA,2018,85.8969,0.4114,0.7679,3.7025,SESNSP víctimas fuero común (datos.gob.mx vía incidencia-delictiva)
02,BAJA CALIFORNIA,2019,77.2732,0.3506,0.6473,5.9067,SESNSP víctimas fuero común (datos.gob.mx vía incidencia-delictiva)
02,BAJA CALIFORNIA,2020,78.0044,0.4776,0.849,3.3696,SESNSP víctimas fuero común (datos.gob.mx vía incidencia-delictiva)
02,BAJA CALIFORNIA,2021,79.1037,0.7571,0.5482,4.4382,SESNSP víctimas fuero común (datos.gob.mx vía incidencia-delictiva)
02,BAJA CALIFORNIA,2022,70.0445,0.6938,0.6681,4.4195,SESNSP víctimas fuero común (datos.gob.mx vía incidencia-delictiva)
02,BAJA CALIFORNIA,2023,61.1403,0.2783,0.5059,2.7826,SESNSP víctimas fuero común (datos.gob.mx vía incidencia-delictiva)
02,BAJA CALIFORNIA,2024,59.0096,0.4733,0.9465,2.4411,SESNSP víctimas fuero común (datos.gob.mx vía incidencia-delictiva)
03,BAJA CALIFORNIA SUR,2010,0.0,0.0,0.0,0.0,SESNSP víctimas fuero común (datos.gob.mx vía incidencia-delictiva)
03,BAJA CALIFORNIA SUR,2011,0.0,0.0,0.0,0.0,SESNSP víctimas fuero común (datos.gob.mx vía incidencia-delictiva)
03,BAJA CALIFORNIA SUR,2012,0.0,0.0,0.0,0.0,SESNSP víctimas fuero común (datos.gob.mx vía incidencia-delictiva)
03,BAJA CALIFORNIA SUR,2013,0.0,0.0,0.0,0.0,SESNSP víctimas fuero común (datos.gob.mx vía incidencia-delictiva)
03,BAJA CALIFORNIA SUR,2014,0.0,0.0,0.0,0.0,SESNSP víctimas fuero común (datos.gob.mx vía incidencia-delictiva)
03,BAJA CALIFORNIA SUR,2015,24.6609,0.0,0.0,6.827,SESNSP víctimas fuero común (datos.gob.mx vía incidencia-delictiva)
03,BAJA CALIFORNIA SUR,2016,36.6545,0.0,0.0,18.9405,SESNSP víctimas fuero común (datos.gob.mx vía incidencia-delictiva)
03,BAJA CALIFORNIA SUR,2017,105.0637,0.4,0.0,30.5325,SESNSP víctimas fuero común (datos.gob.mx vía incidencia-delictiva)
03,BAJA CALIFORNIA SUR,2018,24.1463,0.0,0.0,25.9736,SESNSP víctimas fuero común (datos.gob.mx vía incidencia-delictiva)
03,BAJA CALIFORNIA SUR,2019,10.7375,0.6391,0.2557,23.6481,SESNSP víctimas fuero común (datos.gob.mx vía incidencia-delictiva)
03,BAJA CALIFORNIA SUR,2020,8.3913,0.6262,0.501,11.1466,SESNSP víctimas fuero común (datos.gob.mx vía incidencia-delictiva)
03,BAJA CALIFORNIA SUR,2021,6.2608,0.6138,0.8593,12.1534,SESNSP víctimas fuero común (datos.gob.mx vía incidencia-delictiva)
03,BAJA CALIFORNIA SUR,2022,6.8614,0.3611,0.7223,19.862,SESNSP víctimas fuero común (datos.gob.mx vía incidencia-delictiva)
03,BAJA CALIFORNIA SUR,2023,3.1882,0.1181,0.2362,13.6974,SESNSP víctimas fuero común (datos.gob.mx vía incidencia-delictiva)
03,BAJA CALIFORNIA SUR,2024,7.9952,0.2317,1.0429,10.892,SESNSP víctimas fuero común (datos.gob.mx vía incidencia-delictiva)
04,CAMPECHE,2010,0.0,0.0,0.0,0.0,SESNSP víctimas fuero común (datos.gob.mx vía incidencia-delictiva)
04,CAMPECHE,2011,0.0,0.0,0.0,0.0,SESNSP víctimas fuero común (datos.gob.mx vía incidencia-delictiva)
04,CAMPECHE,2012,0.0,0.0,0.0,0.0,SESNSP víctimas fuero común (datos.gob.mx vía incidencia-delictiva)
04,CAMPECHE,2013,0.0,0.0,0.0,0.0,SESNSP víctimas fuero común (datos.gob.mx vía incidencia-delictiva)
04,CAMPECHE,2014,0.0,0.0,0.0,0.0,SESNSP víctimas fuero común (datos.gob.mx vía incidencia-delictiva)
04,CAMPECHE,2015,6.2828,0.6854,0.4569,3.8839,SESNSP víctimas fuero común (datos.gob.mx vía incidencia-delictiva)
04,CAMPECHE,2016,9.9323,0.7901,0.3386,2.0316,SESNSP víctimas fuero común (datos.gob.mx vía incidencia-delictiva)
04,CAMPECHE,2017,7.8074,0.7807,0.1115,2.5653,SESNSP víctimas fuero común (datos.gob.mx vía incidencia-delictiva)
04,CAMPECHE,2018,7.9367,1.3228,0.5512,2.2046,SESNSP víctimas fuero común (datos.gob.mx vía incidencia-delictiva)
04,CAMPECHE,2019,8.2809,0.5448,0.6538,2.724,SESNSP víctimas fuero común (datos.gob.mx vía incidencia-delictiva)
04,CAMPECHE,2020,8.8328,0.2154,0.3231,1.4003,SESNSP víctimas fuero común (datos.gob.mx vía incidencia-delictiva)
04,CAMPECHE,2021,10.2241,0.1065,0.9585,3.834,SESNSP víctimas fuero común (datos.gob.mx vía incidencia-delictiva)
04,CAMPECHE,2022,9.8995,0.3159,1.1584,9.4782,SESNSP víctimas fuero común (datos.gob.mx vía incidencia-delictiva)
04,CAMPECHE,2023,10.8318,0.2083,1.2498,10.1027,SESNSP víctimas fuero común (datos.gob.mx vía incidencia-delictiva)
04,CAMPECHE,2024,10.0955,0.0,0.7211,5.9749,SESNSP víctimas fuero común (datos.gob.mx vía incidencia-delictiva)
05,COAHUILA,2010,0.0,0.0,0.0,0.0,SESNSP víctimas fuero común (datos.gob.mx vía incidencia-delictiva)
05,COAHUILA,2011,0.0,0.0,0.0,0.0,SESNSP víctimas fuero común (datos.gob.mx vía incidencia-delictiva)
05,COAHUILA,2012,0.0,0.0,0.0,0.0,SESNSP víctimas fuero común (datos.gob.mx vía incidencia-delictiva)
05,COAHUILA,2013,0.0,0.0,0.0,0.0,SESNSP víctimas fuero común (datos.gob.mx vía incidencia-delictiva)
05,COAHUILA,2014,0.0,0.0,0.0,0.0,SESNSP víctimas fuero común (datos.gob.mx vía incidencia-delictiva)
05,COAHUILA,2015,10.9921,1.0517,0.5428,1.2213,SESNSP víctimas fuero común (datos.gob.mx vía incidencia-delictiva)
05,COAHUILA,2016,7.7994,1.1046,0.4352,0.8034,SESNSP víctimas fuero común (datos.gob.mx vía incidencia-delictiva)
05,COAHUILA,2017,7.994,0.5946,0.2973,0.7267,SESNSP víctimas fuero común (datos.gob.mx vía incidencia-delictiva)
05,COAHUILA,2018,7.9554,0.6195,0.4239,1.0433,SESNSP víctimas fuero común (datos.gob.mx vía incidencia-delictiva)
05,COAHUILA,2019,9.2374,0.5793,0.8368,1.2553,SESNSP víctimas fuero común (datos.gob.mx vía incidencia-delictiva)
05,COAHUILA,2020,7.1502,0.2542,0.9216,1.1758,SESNSP víctimas fuero común (datos.gob.mx vía incidencia-delictiva)
05,COAHUILA,2021,4.5503,0.1255,0.6904,1.1297,SESNSP víctimas fuero común (datos.gob.mx vía incidencia-delictiva)
05,COAHUILA,2022,4.1842,0.155,0.7129,1.0848,SESNSP víctimas fuero común (datos.gob.mx vía incidencia-delictiva)
05,COAHUILA,2023,3.7657,0.1531,0.3674,0.9185,SESNSP víctimas fuero común (datos.gob.mx vía incidencia-delictiva)
05,COAHUILA,2024,3.3574,0.0,0.6049,1.5426,SESNSP víctimas fuero común (datos.gob.mx vía incidencia-delictiva)
06,COLIMA,2010,0.0,0.0,0.0,0.0,SESNSP víctimas fuero común (datos.gob.mx vía incidencia-delictiva)
06,COLIMA,2011,0.0,0.0,0.0,0.0,SESNSP víctimas fuero común (datos.gob.mx vía incidencia-delictiva)
06,COLIMA,2012,0.0,0.0,0.0,0.0,SESNSP víctimas fuero común (datos.gob.mx vía incidencia-delictiva)
06,COLIMA,2013,0.0,0.0,0.0,0.0,SESNSP víctimas fuero común (datos.gob.mx vía incidencia-delictiva)
06,COLIMA,2014,0.0,0.0,0.0,0.0,SESNSP víctimas fuero común (datos.gob.mx vía incidencia-delictiva)
06,COLIMA,2015,26.6291,0.7236,0.7236,2.0261,SESNSP víctimas fuero común (datos.gob.mx vía incidencia-delictiva)
06,COLIMA,2016,83.3981,0.7152,3.2901,9.5843,SESNSP víctimas fuero común (datos.gob.mx vía incidencia-delictiva)
06,COLIMA,2017,114.9702,0.7071,0.5657,2.2626,SESNSP víctimas fuero común (datos.gob.mx vía incidencia-delictiva)
06,COLIMA,2018,98.99,3.9149,1.6778,7.6899,SESNSP víctimas fuero común (datos.gob.mx vía incidencia-delictiva)
06,COLIMA,2019,103.6904,4.0094,1.3825,10.2308,SESNSP víctimas fuero común (datos.gob.mx vía incidencia-delictiva)
06,COLIMA,2020,86.1372,1.6407,1.0938,13.3991,SESNSP víctimas fuero común (datos.gob.mx vía incidencia-delictiva)
06,COLIMA,2021,70.0497,0.9466,0.8114,12.847,SESNSP víctimas fuero común (datos.gob.mx vía incidencia-delictiva)
06,COLIMA,2022,116.1114,1.0702,2.5416,18.9952,SESNSP víctimas fuero común (datos.gob.mx vía incidencia-delictiva)
06,COLIMA,2023,118.31,0.6617,2.7791,18.9243,SESNSP víctimas fuero común (datos.gob.mx vía incidencia-delictiva)
06,COLIMA,2024,109.7254,0.7856,0.7856,18.0693,SESNSP víctimas fuero común (datos.gob.mx vía incidencia-delictiva)
07,CHIAPAS,2010,0.0,0.0,0.0,0.0,SESNSP víctimas fuero común (datos.gob.mx vía incidencia-delictiva)
07,CHIAPAS,2011,0.0,0.0,0.0,0.0,SESNSP víctimas fuero común (datos.gob.mx vía incidencia-delictiva)
07,CHIAPAS,2012,0.0,0.0,0.0,0.0,SESNSP víctimas fuero común (datos.gob.mx vía incidencia-delictiva)
07,CHIAPAS,2013,0.0,0.0,0.0,0.0,SESNSP víctimas fuero común (datos.gob.mx vía incidencia-delictiva)
07,CHIAPAS,2014,0.0,0.0,0.0,0.0,SESNSP víctimas fuero común (datos.gob.mx vía incidencia-delictiva)
07,CHIAPAS,2015,9.9222,0.2321,0.6963,4.758,SESNSP víctimas fuero común (datos.gob.mx vía incidencia-delictiva)
07,CHIAPAS,2016,9.3233,0.6673,0.6101,3.2412,SESNSP víctimas fuero común (datos.gob.mx vía incidencia-delictiva)
07,CHIAPAS,2017,9.6059,1.1843,0.5827,3.0453,SESNSP víctimas fuero común (datos.gob.mx vía incidencia-delictiva)
07,CHIAPAS,2018,11.0485,0.964,0.4264,3.7817,SESNSP víctimas fuero común (datos.gob.mx vía incidencia-delictiva)
07,CHIAPAS,2019,10.5502,0.5485,0.3657,3.3461,SESNSP víctimas fuero común (datos.gob.mx vía incidencia-delictiva)
07,CHIAPAS,2020,8.4238,0.2706,0.5231,1.7677,SESNSP víctimas fuero común (datos.gob.mx vía incidencia-delictiva)
07,CHIAPAS,2021,8.9347,0.178,0.8543,1.5128,SESNSP víctimas fuero común (datos.gob.mx vía incidencia-delictiva)
07,CHIAPAS,2022,7.5176,0.2635,0.7904,0.685,SESNSP víctimas fuero común (datos.gob.mx vía incidencia-delictiva)
07,CHIAPAS,2023,9.8994,0.7282,0.6068,0.3988,SESNSP víctimas fuero común (datos.gob.mx vía incidencia-delictiva)
07,CHIAPAS,2024,15.3011,1.3008,0.599,0.4792,SESNSP víctimas fuero común (datos.gob.mx vía incidencia-delictiva)
08,CHIHUAHUA,2010,0.0,0.0,0.0,0.0,SESNSP víctimas fuero común (datos.gob.mx vía incidencia-delictiva)
08,CHIHUAHUA,2011,0.0,0.0,0.0,0.0,SESNSP víctimas fuero común (datos.gob.mx vía incidencia-delictiva)
08,CHIHUAHUA,2012,0.0,0.0,0.0,0.0,SESNSP víctimas fuero común (datos.gob.mx vía incidencia-delictiva)
08,CHIHUAHUA,2013,0.0,0.0,0.0,0.0,SESNSP víctimas fuero común (datos.gob.mx vía incidencia-delictiva)
08,CHIHUAHUA,2014,0.0,0.0,0.0,0.0,SESNSP víctimas fuero común (datos.gob.mx vía incidencia-delictiva)
08,CHIHUAHUA,2015,32.2033,0.1958,0.0,0.3078,SESNSP víctimas fuero común (datos.gob.mx vía incidencia-delictiva)
08,CHIHUAHUA,2016,40.7461,0.2772,0.0,0.693,SESNSP víctimas fuero común (datos.gob.mx vía incidencia-delictiva)
08,CHIHUAHUA,2017,54.9262,0.4119,0.3296,0.4943,SESNSP víctimas fuero común (datos.gob.mx vía incidencia-delictiva)
08,CHIHUAHUA,2018,60.0035,0.2993,1.2246,0.2177,SESNSP víctimas fuero común (datos.gob.mx vía incidencia-delictiva)
08,CHIHUAHUA,2019,69.5731,0.5933,0.8629,0.5393,SESNSP víctimas fuero común (datos.gob.mx vía incidencia-delictiva)
08,CHIHUAHUA,2020,71.8625,1.069,0.8017,0.5612,SESNSP víctimas fuero común (datos.gob.mx vía incidencia-delictiva)
08,CHIHUAHUA,2021,64.7612,1.4568,1.2184,0.5297,SESNSP víctimas fuero común (datos.gob.mx vía incidencia-delictiva)
08,CHIHUAHUA,2022,52.1666,1.759,1.1552,0.1575,SESNSP víctimas fuero común (datos.gob.mx vía incidencia-delictiva)
08,CHIHUAHUA,2023,54.3658,4.7105,1.3273,0.1301,SESNSP víctimas fuero común (datos.gob.mx vía incidencia-delictiva)
08,CHIHUAHUA,2024,52.657,5.2631,1.2384,0.2064,SESNSP víctimas fuero común (datos.gob.mx vía incidencia-delictiva)
09,CIUDAD DE MEXICO,2010,0.0,0.0,0.0,0.0,SESNSP víctimas fuero común (datos.gob.mx vía incidencia-delictiva)
09,CIUDAD DE MEXICO,2011,0.0,0.0,0.0,0.0,SESNSP víctimas fuero común (datos.gob.mx vía incidencia-delictiva)
09,CIUDAD DE MEXICO,2012,0.0,0.0,0.0,0.0,SESNSP víctimas fuero común (datos.gob.mx vía incidencia-delictiva)
09,CIUDAD DE MEXICO,2013,0.0,0.0,0.0,0.0,SESNSP víctimas fuero común (datos.gob.mx vía incidencia-delictiva)
09,CIUDAD DE MEXICO,2014,0.0,0.0,0.0,0.0,SESNSP víctimas fuero común (datos.gob.mx vía incidencia-delictiva)
09,CIUDAD DE MEXICO,2015,9.3239,0.6866,0.6533,7.076,SESNSP víctimas fuero común (datos.gob.mx vía incidencia-delictiva)
09,CIUDAD DE MEXICO,2016,10.8974,0.5956,0.5184,6.7171,SESNSP víctimas fuero común (datos.gob.mx vía incidencia-delictiva)
09,CIUDAD DE MEXICO,2017,12.6671,0.5493,0.4285,5.4162,SESNSP víctimas fuero común (datos.gob.mx vía incidencia-delictiva)
09,CIUDAD DE MEXICO,2018,17.4761,3.2282,0.5143,5.8655,SESNSP víctimas fuero común (datos.gob.mx vía incidencia-delictiva)
09,CIUDAD DE MEXICO,2019,16.8301,2.1256,0.7848,9.625,SESNSP víctimas fuero común (datos.gob.mx vía incidencia-delictiva)
09,CIUDAD DE MEXICO,2020,13.7243,0.7383,0.8903,3.9088,SESNSP víctimas fuero común (datos.gob.mx vía incidencia-delictiva)
09,CIUDAD DE MEXICO,2021,10.8806,0.5516,0.7787,5.8729,SESNSP víctimas fuero común (datos.gob.mx vía incidencia-delictiva)
09,CIUDAD DE MEXICO,2022,8.5652,0.3771,0.8188,3.9648,SESNSP víctimas fuero común (datos.gob.mx vía incidencia-delictiva)
09,CIUDAD DE MEXICO,2023,9.3801,0.7405,0.6547,5.5379,SESNSP víctimas fuero común (datos.gob.mx vía incidencia-delictiva)
09,CIUDAD DE MEXICO,2024,9.7718,0.2994,0.7591,5.1425,SESNSP víctimas fuero común (datos.gob.mx vía incidencia-delictiva)
10,DURANGO,2010,0.0,0.0,0.0,0.0,SESNSP víctimas fuero común (datos.gob.mx vía incidencia-delictiva)
10,DURANGO,2011,0.0,0.0,0.0,0.0,SESNSP víctimas fuero común (datos.gob.mx vía incidencia-delictiva)
10,DURANGO,2012,0.0,0.0,0.0,0.0,SESNSP víctimas fuero común (datos.gob.mx vía incidencia-delictiva)
10,DURANGO,2013,0.0,0.0,0.0,0.0,SESNSP víctimas fuero común (datos.gob.mx vía incidencia-delictiva)
10,DURANGO,2014,0.0,0.0,0.0,0.0,SESNSP víctimas fuero común (datos.gob.mx vía incidencia-delictiva)
10,DURANGO,2015,13.6196,0.404,0.1154,3.7512,SESNSP víctimas fuero común (datos.gob.mx vía incidencia-delictiva)
10,DURANGO,2016,13.4644,0.7987,0.1141,2.9097,SESNSP víctimas fuero común (datos.gob.mx vía incidencia-delictiva)
10,DURANGO,2017,12.1846,1.1282,0.5077,4.1179,SESNSP víctimas fuero común (datos.gob.mx vía incidencia-delictiva)
10,DURANGO,2018,10.1522,0.4463,0.2231,4.1836,SESNSP víctimas fuero común (datos.gob.mx vía incidencia-delictiva)
10,DURANGO,2019,9.3784,0.0552,0.6068,6.289,SESNSP víctimas fuero común (datos.gob.mx vía incidencia-delictiva)
10,DURANGO,2020,9.8218,0.0546,0.7094,5.5111,SESNSP víctimas fuero común (datos.gob.mx vía incidencia-delictiva)
10,DURANGO,2021,8.5285,0.0,0.5398,5.2358,SESNSP víctimas fuero común (datos.gob.mx vía incidencia-delictiva)
10,DURANGO,2022,6.9422,0.0534,0.9612,3.5245,SESNSP víctimas fuero común (datos.gob.mx vía incidencia-delictiva)
10,DURANGO,2023,4.8083,0.0,0.5284,2.1135,SESNSP víctimas fuero común (datos.gob.mx vía incidencia-delictiva)
10,DURANGO,2024,3.6078,0.0,0.5752,1.83,SESNSP víctimas fuero común (datos.gob.mx vía incidencia-delictiva)
11,GUANAJUATO,2010,0.0,0.0,0.0,0.0,SESNSP víctimas fuero común (datos.gob.mx vía incidencia-delictiva)
11,GUANAJUATO,2011,0.0,0.0,0.0,0.0,SESNSP víctimas fuero común (datos.gob.mx vía incidencia-delictiva)
11,GUANAJUATO,2012,0.0,0.0,0.0,0.0,SESNSP víctimas fuero común (datos.gob.mx vía incidencia-delictiva)
11,GUANAJUATO,2013,0.0,0.0,0.0,0.0,SESNSP víctimas fuero común (datos.gob.mx vía incidencia-delictiva)
11,GUANAJUATO,2014,0.0,0.0,0.0,0.0,SESNSP víctimas fuero común (datos.gob.mx vía incidencia-delictiva)
11,GUANAJUATO,2015,16.4245,0.1888,0.3604,0.1716,SESNSP víctimas fuero común (datos.gob.mx vía incidencia-delictiva)
11,GUANAJUATO,2016,18.5929,0.1357,0.2375,0.0679,SESNSP víctimas fuero común (datos.gob.mx vía incidencia-delictiva)
11,GUANAJUATO,2017,23.8648,0.2851,0.2012,0.0671,SESNSP víctimas fuero común (datos.gob.mx vía incidencia-delictiva)
11,GUANAJUATO,2018,54.5531,0.0995,0.3482,0.2487,SESNSP víctimas fuero común (datos.gob.mx vía incidencia-delictiva)
11,GUANAJUATO,2019,58.0435,0.5739,0.2951,0.3279,SESNSP víctimas fuero común (datos.gob.mx vía incidencia-delictiva)
11,GUANAJUATO,2020,72.8077,0.373,0.3243,0.3081,SESNSP víctimas fuero común (datos.gob.mx vía incidencia-delictiva)
11,GUANAJUATO,2021,56.3914,0.1925,0.5453,5.9824,SESNSP víctimas fuero común (datos.gob.mx vía incidencia-delictiva)
11,GUANAJUATO,2022,51.721,0.238,0.3332,10.5981,SESNSP víctimas fuero común (datos.gob.mx vía incidencia-delictiva)
11,GUANAJUATO,2023,48.72,0.0942,0.4395,15.5075,SESNSP víctimas fuero común (datos.gob.mx vía incidencia-delictiva)
11,GUANAJUATO,2024,48.935,0.1864,0.2485,18.9776,SESNSP víctimas fuero común (datos.gob.mx vía incidencia-delictiva)
12,GUERRERO,2010,0.0,0.0,0.0,0.0,SESNSP víctimas fuero común (datos.gob.mx vía incidencia-delictiva)
12,GUERRERO,2011,0.0,0.0,0.0,0.0,SESNSP víctimas fuero común (datos.gob.mx vía incidencia-delictiva)
12,GUERRERO,2012,0.0,0.0,0.0,0.0,SESNSP víctimas fuero común (datos.gob.mx vía incidencia-delictiva)
12,GUERRERO,2013,0.0,0.0,0.0,0.0,SESNSP víctimas fuero común (datos.gob.mx vía incidencia-delictiva)
12,GUERRERO,2014,0.0,0.0,0.0,0.0,SESNSP víctimas fuero común (datos.gob.mx vía incidencia-delictiva)
12,GUERRERO,2015,58.1864,3.1749,0.0289,4.3293,SESNSP víctimas fuero común (datos.gob.mx vía incidencia-delictiva)
12,GUERRERO,2016,63.5934,3.0748,0.6035,5.7185,SESNSP víctimas fuero común (datos.gob.mx vía incidencia-delictiva)
12,GUERRERO,2017,72.158,2.2603,0.6008,5.1214,SESNSP víctimas fuero común (datos.gob.mx vía incidencia-delictiva)
12,GUERRERO,2018,70.3643,1.8517,0.9971,6.2388,SESNSP víctimas fuero común (datos.gob.mx vía incidencia-delictiva)
12,GUERRERO,2019,53.2691,1.2764,0.5106,8.1974,SESNSP víctimas fuero común (datos.gob.mx vía incidencia-delictiva)
12,GUERRERO,2020,40.5006,0.6778,0.3954,7.202,SESNSP víctimas fuero común (datos.gob.mx vía incidencia-delictiva)
12,GUERRERO,2021,38.7246,0.4218,0.5062,6.3838,SESNSP víctimas fuero común (datos.gob.mx vía incidencia-delictiva)
12,GUERRERO,2022,38.0838,0.5321,0.364,7.8688,SESNSP víctimas fuero común (datos.gob.mx vía incidencia-delictiva)
12,GUERRERO,2023,47.0685,0.6971,0.4461,4.4336,SESNSP víctimas fuero común (datos.gob.mx vía incidencia-delictiva)
12,GUERRERO,2024,48.2583,0.3332,0.6386,4.1095,SESNSP víctimas fuero común (datos.gob.mx vía incidencia-delictiva)
13,HIDALGO,2010,0.0,0.0,0.0,0.0,SESNSP víctimas fuero común (datos.gob.mx vía incidencia-delictiva)
13,HIDALGO,2011,0.0,0.0,0.0,0.0,SESNSP víctimas fuero común (datos.gob.mx vía incidencia-delictiva)
13,HIDALGO,2012,0.0,0.0,0.0,0.0,SESNSP víctimas fuero común (datos.gob.mx vía incidencia-delictiva)
13,HIDALGO,2013,0.0,0.0,0.0,0.0,SESNSP víctimas fuero común (datos.gob.mx vía incidencia-delictiva)
13,HIDALGO,2014,0.0,0.0,0.0,0.0,SESNSP víctimas fuero común (datos.gob.mx vía incidencia-delictiva)
13,HIDALGO,2015,5.4977,1.0439,0.0,1.4614,SESNSP víctimas fuero común (datos.gob.mx vía incidencia-delictiva)
13,HIDALGO,2016,5.3503,0.8231,0.7545,2.7781,SESNSP víctimas fuero común (datos.gob.mx vía incidencia-delictiva)
13,HIDALGO,2017,7.2359,0.8115,0.7439,4.5309,SESNSP víctimas fuero común (datos.gob.mx vía incidencia-delictiva)
13,HIDALGO,2018,7.6685,0.7335,0.6668,4.8345,SESNSP víctimas fuero común (datos.gob.mx vía incidencia-delictiva)
13,HIDALGO,2019,11.5749,1.118,0.6577,7.2014,SESNSP víctimas fuero común (datos.gob.mx vía incidencia-delictiva)
13,HIDALGO,2020,10.8666,0.9407,0.6163,4.3791,SESNSP víctimas fuero común (datos.gob.mx vía incidencia-delictiva)
13,HIDALGO,2021,8.9611,0.9921,0.7041,3.4564,SESNSP víctimas fuero común (datos.gob.mx vía incidencia-delictiva)
13,HIDALGO,2022,10.4219,0.5053,0.6,7.3269,SESNSP víctimas fuero común (datos.gob.mx vía incidencia-delictiva)
13,HIDALGO,2023,8.0108,0.6234,0.6234,11.3771,SESNSP víctimas fuero común (datos.gob.mx vía incidencia-delictiva)
13,HIDALGO,2024,8.1232,0.6154,0.6154,9.5693,SESNSP víctimas fuero común (datos.gob.mx vía incidencia-delictiva)
14,JALISCO,2010,0.0,0.0,0.0,0.0,SESNSP víctimas fuero común (datos.gob.mx vía incidencia-delictiva)
14,JALISCO,2011,0.0,0.0,0.0,0.0,SESNSP víctimas fuero común (datos.gob.mx vía incidencia-delictiva)
14,JALISCO,2012,0.0,0.0,0.0,0.0,SESNSP víctimas fuero común (datos.gob.mx vía incidencia-delictiva)
14,JALISCO,2013,0.0,0.0,0.0,0.0,SESNSP víctimas fuero común (datos.gob.mx vía incidencia-delictiva)
14,JALISCO,2014,0.0,0.0,0.0,0.0,SESNSP víctimas fuero común (datos.gob.mx vía incidencia-delictiva)
14,JALISCO,2015,13.7335,0.2548,0.8281,11.1346,SESNSP víctimas fuero común (datos.gob.mx vía incidencia-delictiva)
14,JALISCO,2016,15.5488,0.2139,0.6164,8.806,SESNSP víctimas fuero común (datos.gob.mx vía incidencia-delictiva)
14,JALISCO,2017,19.3194,0.1739,0.3479,7.1066,SESNSP víctimas fuero común (datos.gob.mx vía incidencia-delictiva)
14,JALISCO,2018,29.6491,0.2823,0.4172,9.6458,SESNSP víctimas fuero común (datos.gob.mx vía incidencia-delictiva)
14,JALISCO,2019,32.382,0.3031,0.8123,9.2745,SESNSP víctimas fuero común (datos.gob.mx vía incidencia-delictiva)
14,JALISCO,2020,31.4441,0.2755,0.8625,9.1397,SESNSP víctimas fuero común (datos.gob.mx vía incidencia-delictiva)
14,JALISCO,2021,28.0543,0.2604,0.9351,7.7652,SESNSP víctimas fuero común (datos.gob.mx vía incidencia-delictiva)
14,JALISCO,2022,24.1704,0.2808,0.5031,8.4468,SESNSP víctimas fuero común (datos.gob.mx vía incidencia-delictiva)
14,JALISCO,2023,22.6889,0.2082,0.451,7.4358,SESNSP víctimas fuero común (datos.gob.mx vía incidencia-delictiva)
14,JALISCO,2024,20.5553,0.2858,0.4459,6.6193,SESNSP víctimas fuero común (datos.gob.mx vía incidencia-delictiva)
15,ESTADO DE MEXICO,2010,0.0,0.0,0.0,0.0,SESNSP víctimas fuero común (datos.gob.mx vía incidencia-delictiva)
15,ESTADO DE MEXICO,2011,0.0,0.0,0.0,0.0,SESNSP víctimas fuero común (datos.gob.mx vía incidencia-delictiva)
15,ESTADO DE MEXICO,2012,0.0,0.0,0.0,0.0,SESNSP víctimas fuero común (datos.gob.mx vía incidencia-delictiva)
15,ESTADO DE MEXICO,2013,0.0,0.0,0.0,0.0,SESNSP víctimas fuero común (datos.gob.mx vía incidencia-delictiva)
15,ESTADO DE MEXICO,2014,0.0,0.0,0.0,0.0,SESNSP víctimas fuero común (datos.gob.mx vía incidencia-delictiva)
15,ESTADO DE MEXICO,2015,14.3122,1.1626,0.373,9.9974,SESNSP víctimas fuero común (datos.gob.mx vía incidencia-delictiva)
15,ESTADO DE MEXICO,2016,13.8757,1.6784,0.3689,8.9267,SESNSP víctimas fuero común (datos.gob.mx vía incidencia-delictiva)
15,ESTADO DE MEXICO,2017,14.3487,1.1674,0.4499,8.4208,SESNSP víctimas fuero común (datos.gob.mx vía incidencia-delictiva)
15,ESTADO DE MEXICO,2018,15.9359,1.2087,0.7096,9.7961,SESNSP víctimas fuero común (datos.gob.mx vía incidencia-delictiva)
15,ESTADO DE MEXICO,2019,17.007,1.386,0.7376,14.7941,SESNSP víctimas fuero común (datos.gob.mx vía incidencia-delictiva)
15,ESTADO DE MEXICO,2020,16.4485,1.1064,0.8945,18.5494,SESNSP víctimas fuero común (datos.gob.mx vía incidencia-delictiva)
15,ESTADO DE MEXICO,2021,15.4186,0.9724,0.8559,20.0244,SESNSP víctimas fuero común (datos.gob.mx vía incidencia-delictiva)
15,ESTADO DE MEXICO,2022,15.0037,0.6741,0.8067,25.4152,SESNSP víctimas fuero común (datos.gob.mx vía incidencia-delictiva)
15,ESTADO DE MEXICO,2023,14.8084,0.479,0.5075,23.7778,SESNSP víctimas fuero común (datos.gob.mx vía incidencia-delictiva)
15,ESTADO DE MEXICO,2024,12.7434,0.4289,0.4289,20.5147,SESNSP víctimas fuero común (datos.gob.mx vía incidencia-delictiva)
16,MICHOACAN,2010,0.0,0.0,0.0,0.0,SESNSP víctimas fuero común (datos.gob.mx vía incidencia-delictiva)
16,MICHOACAN,2011,0.0,0.0,0.0,0.0,SESNSP víctimas fuero común (datos.gob.mx vía incidencia-delictiva)
16,MICHOACAN,2012,0.0,0.0,0.0,0.0,SESNSP víctimas fuero común (datos.gob.mx vía incidencia-delictiva)
16,MICHOACAN,2013,0.0,0.0,0.0,0.0,SESNSP víctimas fuero común (datos.gob.mx vía incidencia-delictiva)
16,MICHOACAN,2014,0.0,0.0,0.0,0.0,SESNSP víctimas fuero común (datos.gob.mx vía incidencia-delictiva)
16,MICHOACAN,2015,20.9233,0.7473,0.2637,1.0769,SESNSP víctimas fuero común (datos.gob.mx vía incidencia-delictiva)
16,MICHOACAN,2016,31.5705,0.6318,0.5883,0.3922,SESNSP víctimas fuero común (datos.gob.mx vía incidencia-delictiva)
16,MICHOACAN,2017,31.9905,0.6912,0.648,0.5184,SESNSP víctimas fuero común (datos.gob.mx vía incidencia-delictiva)
16,MICHOACAN,2018,34.7591,0.7496,0.4712,0.0642,SESNSP víctimas fuero común (datos.gob.mx vía incidencia-delictiva)
16,MICHOACAN,2019,44.1701,1.0618,0.3185,0.0425,SESNSP víctimas fuero común (datos.gob.mx vía incidencia-delictiva)
16,MICHOACAN,2020,51.2335,1.095,0.4843,0.6107,SESNSP víctimas fuero común (datos.gob.mx vía incidencia-delictiva)
16,MICHOACAN,2021,57.031,0.6056,0.6474,1.3156,SESNSP víctimas fuero común (datos.gob.mx vía incidencia-delictiva)
16,MICHOACAN,2022,50.1822,0.9113,0.9113,1.3876,SESNSP víctimas fuero común (datos.gob.mx vía incidencia-delictiva)
16,MICHOACAN,2023,36.0709,0.493,0.3492,4.971,SESNSP víctimas fuero común (datos.gob.mx vía incidencia-delictiva)
16,MICHOACAN,2024,30.3588,0.652,0.3668,6.031,SESNSP víctimas fuero común (datos.gob.mx vía incidencia-delictiva)
17,MORELOS,2010,0.0,0.0,0.0,0.0,SESNSP víctimas fuero común (datos.gob.mx vía incidencia-delictiva)
17,MORELOS,2011,0.0,0.0,0.0,0.0,SESNSP víctimas fuero común (datos.gob.mx vía incidencia-delictiva)
17,MORELOS,2012,0.0,0.0,0.0,0.0,SESNSP víctimas fuero común (datos.gob.mx vía incidencia-delictiva)
17,MORELOS,2013,0.0,0.0,0.0,0.0,SESNSP víctimas fuero común (datos.gob.mx vía incidencia-delictiva)
17,MORELOS,2014,0.0,0.0,0.0,0.0,SESNSP víctimas fuero común (datos.gob.mx vía incidencia-delictiva)
17,MORELOS,2015,26.4088,1.7606,0.8003,9.2831,SESNSP víctimas fuero común (datos.gob.mx vía incidencia-delictiva)
17,MORELOS,2016,34.6393,2.429,1.5841,3.5379,SESNSP víctimas fuero común (datos.gob.mx vía incidencia-delictiva)
17,MORELOS,2017,32.5104,2.4043,1.568,2.2475,SESNSP víctimas fuero común (datos.gob.mx vía incidencia-delictiva)
17,MORELOS,2018,40.5141,2.8458,1.4488,1.2418,SESNSP víctimas fuero común (datos.gob.mx vía incidencia-delictiva)
17,MORELOS,2019,52.2004,4.8153,2.0491,9.6307,SESNSP víctimas fuero común (datos.gob.mx vía incidencia-delictiva)
17,MORELOS,2020,46.8167,3.8549,1.7753,6.949,SESNSP víctimas fuero común (datos.gob.mx vía incidencia-delictiva)
17,MORELOS,2021,58.5148,1.3561,1.2055,7.735,SESNSP víctimas fuero común (datos.gob.mx vía incidencia-delictiva)
17,MORELOS,2022,58.3969,1.4425,1.8404,7.6602,SESNSP víctimas fuero común (datos.gob.mx vía incidencia-delictiva)
17,MORELOS,2023,74.0957,2.1677,2.217,12.2672,SESNSP víctimas fuero común (datos.gob.mx vía incidencia-delictiva)
17,MORELOS,2024,74.1739,0.4392,2.4887,16.2012,SESNSP víctimas fuero común (datos.gob.mx vía incidencia-delictiva)
18,NAYARIT,2010,0.0,0.0,0.0,0.0,SESNSP víctimas fuero común (datos.gob.mx vía incidencia-delictiva)
18,NAYARIT,2011,0.0,0.0,0.0,0.0,SESNSP víctimas fuero común (datos.gob.mx vía incidencia-delictiva)
18,NAYARIT,2012,0.0,0.0,0.0,0.0,SESNSP víctimas fuero común (datos.gob.mx vía incidencia-delictiva)
18,NAYARIT,2013,0.0,0.0,0.0,0.0,SESNSP víctimas fuero común (datos.gob.mx vía incidencia-delictiva)
18,NAYARIT,2014,0.0,0.0,0.0,0.0,SESNSP víctimas fuero común (datos.gob.mx vía incidencia-delictiva)
18,NAYARIT,2015,7.8434,1.1205,0.0,0.0862,SESNSP víctimas fuero común (datos.gob.mx vía incidencia-delictiva)
18,NAYARIT,2016,3.6587,0.2553,0.0,0.4254,SESNSP víctimas fuero común (datos.gob.mx vía incidencia-delictiva)
18,NAYARIT,2017,29.32,0.252,0.4201,0.084,SESNSP víctimas fuero común (datos.gob.mx vía incidencia-delictiva)
18,NAYARIT,2018,33.1021,0.9126,0.4148,0.3319,SESNSP víctimas fuero común (datos.gob.mx vía incidencia-delictiva)
18,NAYARIT,2019,14.995,0.4916,0.4097,0.3278,SESNSP víctimas fuero común (datos.gob.mx vía incidencia-delictiva)
18,NAYARIT,2020,13.841,0.2428,0.9713,0.8094,SESNSP víctimas fuero común (datos.gob.mx vía incidencia-delictiva)
18,NAYARIT,2021,17.433,0.5598,0.6397,1.2795,SESNSP víctimas fuero común (datos.gob.mx vía incidencia-delictiva)
18,NAYARIT,2022,13.0378,0.3161,0.158,1.4223,SESNSP víctimas fuero común (datos.gob.mx vía incidencia-delictiva)
18,NAYARIT,2023,9.9172,0.3904,0.4685,3.4359,SESNSP víctimas fuero común (datos.gob.mx vía incidencia-delictiva)
18,NAYARIT,2024,14.047,0.1544,0.849,1.1577,SESNSP víctimas fuero común (datos.gob.mx vía incidencia-delictiva)
19,NUEVO LEON,2010,0.0,0.0,0.0,0.0,SESNSP víctimas fuero común (datos.gob.mx vía incidencia-delictiva)
19,NUEVO LEON,2011,0.0,0.0,0.0,0.0,SESNSP víctimas fuero común (datos.gob.mx vía incidencia-delictiva)
19,NUEVO LEON,2012,0.0,0.0,0.0,0.0,SESNSP víctimas fuero común (datos.gob.mx vía incidencia-delictiva)
19,NUEVO LEON,2013,0.0,0.0,0.0,0.0,SESNSP víctimas fuero común (datos.gob.mx vía incidencia-delictiva)
19,NUEVO LEON,2014,0.0,0.0,0.0,0.0,SESNSP víctimas fuero común (datos.gob.mx vía incidencia-delictiva)
19,NUEVO LEON,2015,8.6224,0.4215,0.0192,10.2128,SESNSP víctimas fuero común (datos.gob.mx vía incidencia-delictiva)
19,NUEVO LEON,2016,12.0216,0.5626,0.0563,12.2467,SESNSP víctimas fuero común (datos.gob.mx vía incidencia-delictiva)
19,NUEVO LEON,2017,11.2577,0.6611,0.7897,13.5717,SESNSP víctimas fuero común (datos.gob.mx vía incidencia-delictiva)
19,NUEVO LEON,2018,13.4215,0.5217,1.4213,10.345,SESNSP víctimas fuero común (datos.gob.mx vía incidencia-delictiva)
19,NUEVO LEON,2019,15.6753,0.5466,1.1814,9.6802,SESNSP víctimas fuero común (datos.gob.mx vía incidencia-delictiva)
19,NUEVO LEON,2020,14.6427,0.2939,1.1583,7.1917,SESNSP víctimas fuero común (datos.gob.mx vía incidencia-delictiva)
19,NUEVO LEON,2021,17.0071,0.373,1.1191,10.9876,SESNSP víctimas fuero común (datos.gob.mx vía incidencia-delictiva)
19,NUEVO LEON,2022,22.0942,0.4492,1.697,12.9936,SESNSP víctimas fuero común (datos.gob.mx vía incidencia-delictiva)
19,NUEVO LEON,2023,21.8494,0.3593,1.1921,13.7334,SESNSP víctimas fuero común (datos.gob.mx vía incidencia-delictiva)
19,NUEVO LEON,2024,24.676,0.5932,0.962,14.7671,SESNSP víctimas fuero común (datos.gob.mx vía incidencia-delictiva)
20,OAXACA,2010,0.0,0.0,0.0,0.0,SESNSP víctimas fuero común (datos.gob.mx vía incidencia-delictiva)
20,OAXACA,2011,0.0,0.0,0.0,0.0,SESNSP víctimas fuero común (datos.gob.mx vía incidencia-delictiva)
20,OAXACA,2012,0.0,0.0,0.0,0.0,SESNSP víctimas fuero común (datos.gob.mx vía incidencia-delictiva)
20,OAXACA,2013,0.0,0.0,0.0,0.0,SESNSP víctimas fuero común (datos.gob.mx vía incidencia-delictiva)
20,OAXACA,2014,0.0,0.0,0.0,0.0,SESNSP víctimas fuero común (datos.gob.mx vía incidencia-delictiva)
20,OAXACA,2015,5.6717,0.4285,0.2017,0.9075,SESNSP víctimas fuero común (datos.gob.mx vía incidencia-delictiva)
20,OAXACA,2016,21.1746,0.8,2.2,1.325,SESNSP víctimas fuero común (datos.gob.mx vía incidencia-delictiva)
20,OAXACA,2017,23.8279,1.3637,1.5373,2.1076,SESNSP víctimas fuero común (datos.gob.mx vía incidencia-delictiva)
20,OAXACA,2018,28.8236,0.7624,0.7378,3.935,SESNSP víctimas fuero común (datos.gob.mx vía incidencia-delictiva)
20,OAXACA,2019,29.2501,0.5855,0.7075,3.2446,SESNSP víctimas fuero común (datos.gob.mx vía incidencia-delictiva)
20,OAXACA,2020,22.9663,0.7986,0.9196,3.0251,SESNSP víctimas fuero común (datos.gob.mx vía incidencia-delictiva)
20,OAXACA,2021,19.9272,0.7203,1.0804,3.4332,SESNSP víctimas fuero común (datos.gob.mx vía incidencia-delictiva)
20,OAXACA,2022,23.1052,0.8575,1.0243,2.9775,SESNSP víctimas fuero común (datos.gob.mx vía incidencia-delictiva)
20,OAXACA,2023,22.9249,0.9217,0.9926,3.4269,SESNSP víctimas fuero común (datos.gob.mx vía incidencia-delictiva)
20,OAXACA,2024,23.0757,0.6801,0.469,3.3066,SESNSP víctimas fuero común (datos.gob.mx vía incidencia-delictiva)
21,PUEBLA,2010,0.0,0.0,0.0,0.0,SESNSP víctimas fuero común (datos.gob.mx vía incidencia-delictiva)
21,PUEBLA,2011,0.0,0.0,0.0,0.0,SESNSP víctimas fuero común (datos.gob.mx vía incidencia-delictiva)
21,PUEBLA,2012,0.0,0.0,0.0,0.0,SESNSP víctimas fuero común (datos.gob.mx vía incidencia-delictiva)
21,PUEBLA,2013,0.0,0.0,0.0,0.0,SESNSP víctimas fuero común (datos.gob.mx vía incidencia-delictiva)
21,PUEBLA,2014,0.0,0.0,0.0,0.0,SESNSP víctimas fuero común (datos.gob.mx vía incidencia-delictiva)
21,PUEBLA,2015,8.9945,0.6471,0.1456,4.4487,SESNSP víctimas fuero común (datos.gob.mx vía incidencia-delictiva)
21,PUEBLA,2016,10.508,0.6548,0.1916,1.9483,SESNSP víctimas fuero común (datos.gob.mx vía incidencia-delictiva)
21,PUEBLA,2017,16.193,0.5992,0.4257,1.8605,SESNSP víctimas fuero común (datos.gob.mx vía incidencia-delictiva)
21,PUEBLA,2018,19.883,0.7474,0.4982,2.6625,SESNSP víctimas fuero común (datos.gob.mx vía incidencia-delictiva)
21,PUEBLA,2019,19.2221,1.2763,0.9073,3.0294,SESNSP víctimas fuero común (datos.gob.mx vía incidencia-delictiva)
21,PUEBLA,2020,14.9014,0.5468,0.8203,2.3241,SESNSP víctimas fuero común (datos.gob.mx vía incidencia-delictiva)
21,PUEBLA,2021,13.056,0.3452,0.5703,1.7708,SESNSP víctimas fuero común (datos.gob.mx vía incidencia-delictiva)
21,PUEBLA,2022,15.2433,0.3114,0.2966,2.0908,SESNSP víctimas fuero común (datos.gob.mx vía incidencia-delictiva)
21,PUEBLA,2023,14.1699,0.2198,0.5275,1.817,SESNSP víctimas fuero común (datos.gob.mx vía incidencia-delictiva)
21,PUEBLA,2024,14.4685,0.6083,0.6228,1.9552,SESNSP víctimas fuero común (datos.gob.mx vía incidencia-delictiva)
22,QUERETARO,2010,0.0,0.0,0.0,0.0,SESNSP víctimas fuero común (datos.gob.mx vía incidencia-delictiva)
22,QUERETARO,2011,0.0,0.0,0.0,0.0,SESNSP víctimas fuero común (datos.gob.mx vía incidencia-delictiva)
22,QUERETARO,2012,0.0,0.0,0.0,0.0,SESNSP víctimas fuero común (datos.gob.mx vía incidencia-delictiva)
22,QUERETARO,2013,0.0,0.0,0.0,0.0,SESNSP víctimas fuero común (datos.gob.mx vía incidencia-delictiva)
22,QUERETARO,2014,0.0,0.0,0.0,0.0,SESNSP víctimas fuero común (datos.gob.mx vía incidencia-delictiva)
22,QUERETARO,2015,6.9583,1.0009,0.3813,0.286,SESNSP víctimas fuero común (datos.gob.mx vía incidencia-delictiva)
22,QUERETARO,2016,5.622,0.5576,0.0465,0.9293,SESNSP víctimas fuero común (datos.gob.mx vía incidencia-delictiva)
22,QUERETARO,2017,8.7476,0.4986,0.0453,0.8158,SESNSP víctimas fuero común (datos.gob.mx vía incidencia-delictiva)
22,QUERETARO,2018,9.0693,1.0618,0.3097,4.8222,SESNSP víctimas fuero común (datos.gob.mx vía incidencia-delictiva)
22,QUERETARO,2019,8.2958,0.4321,0.4321,11.45,SESNSP víctimas fuero común (datos.gob.mx vía incidencia-delictiva)
22,QUERETARO,2020,8.4865,0.38,0.4644,12.4131,SESNSP víctimas fuero común (datos.gob.mx vía incidencia-delictiva)
22,QUERETARO,2021,8.2971,0.8669,0.3715,12.5489,SESNSP víctimas fuero común (datos.gob.mx vía incidencia-delictiva)
22,QUERETARO,2022,7.0258,0.8076,0.4845,10.2561,SESNSP víctimas fuero común (datos.gob.mx vía incidencia-delictiva)
22,QUERETARO,2023,7.9032,0.7113,0.3556,7.7846,SESNSP víctimas fuero común (datos.gob.mx vía incidencia-delictiva)
22,QUERETARO,2024,8.2796,0.2708,0.1548,10.2914,SESNSP víctimas fuero común (datos.gob.mx vía incidencia-delictiva)
23,QUINTANA ROO,2010,0.0,0.0,0.0,0.0,SESNSP víctimas fuero común (datos.gob.mx vía incidencia-delictiva)
23,QUINTANA ROO,2011,0.0,0.0,0.0,0.0,SESNSP víctimas fuero común (datos.gob.mx vía incidencia-delictiva)
23,QUINTANA ROO,2012,0.0,0.0,0.0,0.0,SESNSP víctimas fuero común (datos.gob.mx vía incidencia-delictiva)
23,QUINTANA ROO,2013,0.0,0.0,0.0,0.0,SESNSP víctimas fuero común (datos.gob.mx vía incidencia-delictiva)
23,QUINTANA ROO,2014,0.0,0.0,0.0,0.0,SESNSP víctimas fuero común (datos.gob.mx vía incidencia-delictiva)
23,QUINTANA ROO,2015,14.5749,0.4398,0.0,7.2874,SESNSP víctimas fuero común (datos.gob.mx vía incidencia-delictiva)
23,QUINTANA ROO,2016,10.0303,0.4863,0.0,2.4924,SESNSP víctimas fuero común (datos.gob.mx vía incidencia-delictiva)
23,QUINTANA ROO,2017,21.1392,1.7076,0.2355,4.534,SESNSP víctimas fuero común (datos.gob.mx vía incidencia-delictiva)
23,QUINTANA ROO,2018,44.1906,1.1419,0.4568,7.5364,SESNSP víctimas fuero común (datos.gob.mx vía incidencia-delictiva)
23,QUINTANA ROO,2019,43.1086,3.3246,0.9974,15.293,SESNSP víctimas fuero común (datos.gob.mx vía incidencia-delictiva)
23,QUINTANA ROO,2020,34.9303,1.0226,0.8073,10.6567,SESNSP víctimas fuero común (datos.gob.mx vía incidencia-delictiva)
23,QUINTANA ROO,2021,34.0619,1.1511,1.3081,5.9124,SESNSP víctimas fuero común (datos.gob.mx vía incidencia-delictiva)
23,QUINTANA ROO,2022,32.0698,0.1527,0.7127,4.5305,SESNSP víctimas fuero común (datos.gob.mx vía incidencia-delictiva)
23,QUINTANA ROO,2023,35.7832,0.4461,0.8921,5.8482,SESNSP víctimas fuero común (datos.gob.mx vía incidencia-delictiva)
23,QUINTANA ROO,2024,32.6421,1.1589,0.6277,8.6434,SESNSP víctimas fuero común (datos.gob.mx vía incidencia-delictiva)
24,SAN LUIS POTOSI,2010,0.0,0.0,0.0,0.0,SESNSP víctimas fuero común (datos.gob.mx vía incidencia-delictiva)
24,SAN LUIS POTOSI,2011,0.0,0.0,0.0,0.0,SESNSP víctimas fuero común (datos.gob.mx vía incidencia-delictiva)
24,SAN LUIS POTOSI,2012,0.0,0.0,0.0,0.0,SESNSP víctimas fuero común (datos.gob.mx vía incidencia-delictiva)
24,SAN LUIS POTOSI,2013,0.0,0.0,0.0,0.0,SESNSP víctimas fuero común (datos.gob.mx vía incidencia-delictiva)
24,SAN LUIS POTOSI,2014,0.0,0.0,0.0,0.0,SESNSP víctimas fuero común (datos.gob.mx vía incidencia-delictiva)
24,SAN LUIS POTOSI,2015,9.5048,1.0725,0.2589,5.7325,SESNSP víctimas fuero común (datos.gob.mx vía incidencia-delictiva)
24,SAN LUIS POTOSI,2016,12.2087,1.0999,0.2933,8.1758,SESNSP víctimas fuero común (datos.gob.mx vía incidencia-delictiva)
24,SAN LUIS POTOSI,2017,18.3554,1.1268,0.6906,5.6338,SESNSP víctimas fuero común (datos.gob.mx vía incidencia-delictiva)
24,SAN LUIS POTOSI,2018,18.9916,0.9009,1.009,4.4686,SESNSP víctimas fuero común (datos.gob.mx vía incidencia-delictiva)
24,SAN LUIS POTOSI,2019,17.6518,1.0362,1.0005,4.3951,SESNSP víctimas fuero común (datos.gob.mx vía incidencia-delictiva)
24,SAN LUIS POTOSI,2020,25.9367,0.6378,0.9567,5.5275,SESNSP víctimas fuero común (datos.gob.mx vía incidencia-delictiva)
24,SAN LUIS POTOSI,2021,26.0021,1.1947,0.8433,4.322,SESNSP víctimas fuero común (datos.gob.mx vía incidencia-delictiva)
24,SAN LUIS POTOSI,2022,22.5815,0.453,0.4879,4.2863,SESNSP víctimas fuero común (datos.gob.mx vía incidencia-delictiva)
24,SAN LUIS POTOSI,2023,17.4543,0.553,0.4148,3.6982,SESNSP víctimas fuero común (datos.gob.mx vía incidencia-delictiva)
24,SAN LUIS POTOSI,2024,15.2214,0.1371,0.5142,4.4567,SESNSP víctimas fuero común (datos.gob.mx vía incidencia-delictiva)
25,SINALOA,2010,0.0,0.0,0.0,0.0,SESNSP víctimas fuero común (datos.gob.mx vía incidencia-delictiva)
25,SINALOA,2011,0.0,0.0,0.0,0.0,SESNSP víctimas fuero común (datos.gob.mx vía incidencia-delictiva)
25,SINALOA,2012,0.0,0.0,0.0,0.0,SESNSP víctimas fuero común (datos.gob.mx vía incidencia-delictiva)
25,SINALOA,2013,0.0,0.0,0.0,0.0,SESNSP víctimas fuero común (datos.gob.mx vía incidencia-delictiva)
25,SINALOA,2014,0.0,0.0,0.0,0.0,SESNSP víctimas fuero común (datos.gob.mx vía incidencia-delictiva)
25,SINALOA,2015,33.824,0.4142,0.4832,4.6249,SESNSP víctimas fuero común (datos.gob.mx vía incidencia-delictiva)
25,SINALOA,2016,38.1764,0.5815,1.5394,3.8313,SESNSP víctimas fuero común (datos.gob.mx vía incidencia-delictiva)
25,SINALOA,2017,49.946,0.6782,2.8482,1.7632,SESNSP víctimas fuero común (datos.gob.mx vía incidencia-delictiva)
25,SINALOA,2018,36.0323,0.2689,1.647,2.3529,SESNSP víctimas fuero común (datos.gob.mx vía incidencia-delictiva)
25,SINALOA,2019,29.8565,0.1999,1.2996,1.5328,SESNSP víctimas fuero común (datos.gob.mx vía incidencia-delictiva)
25,SINALOA,2020,25.7025,0.3634,0.892,2.0813,SESNSP víctimas fuero común (datos.gob.mx vía incidencia-delictiva)
25,SINALOA,2021,19.6537,0.1965,1.3758,2.4895,SESNSP víctimas fuero común (datos.gob.mx vía incidencia-delictiva)
25,SINALOA,2022,15.5256,0.2923,0.6496,2.0787,SESNSP víctimas fuero común (datos.gob.mx vía incidencia-delictiva)
25,SINALOA,2023,17.1031,0.1288,0.9985,1.546,SESNSP víctimas fuero común (datos.gob.mx vía incidencia-delictiva)
25,SINALOA,2024,31.7509,0.2555,0.8944,2.8748,SESNSP víctimas fuero común (datos.gob.mx vía incidencia-delictiva)
26,SONORA,2010,0.0,0.0,0.0,0.0,SESNSP víctimas fuero común (datos.gob.mx vía incidencia-delictiva)
26,SONORA,2011,0.0,0.0,0.0,0.0,SESNSP víctimas fuero común (datos.gob.mx vía incidencia-delictiva)
26,SONORA,2012,0.0,0.0,0.0,0.0,SESNSP víctimas fuero común (datos.gob.mx vía incidencia-delictiva)
26,SONORA,2013,0.0,0.0,0.0,0.0,SESNSP víctimas fuero común (datos.gob.mx vía incidencia-delictiva)
26,SONORA,2014,0.0,0.0,0.0,0.0,SESNSP víctimas fuero común (datos.gob.mx vía incidencia-delictiva)
26,SONORA,2015,21.0083,0.3567,0.856,0.8204,SESNSP víctimas fuero común (datos.gob.mx vía incidencia-delictiva)
26,SONORA,2016,22.2466,0.2119,1.0594,5.9677,SESNSP víctimas fuero común (datos.gob.mx vía incidencia-delictiva)
26,SONORA,2017,25.4184,0.0699,1.1188,1.3286,SESNSP víctimas fuero común (datos.gob.mx vía incidencia-delictiva)
26,SONORA,2018,29.6707,0.0692,1.1079,0.3462,SESNSP víctimas fuero común (datos.gob.mx vía incidencia-delictiva)
26,SONORA,2019,46.4924,1.1315,1.4057,0.6172,SESNSP víctimas fuero común (datos.gob.mx vía incidencia-delictiva)
26,SONORA,2020,53.823,0.2717,1.0527,2.0375,SESNSP víctimas fuero común (datos.gob.mx vía incidencia-delictiva)
26,SONORA,2021,64.9159,0.4036,1.4799,2.7917,SESNSP víctimas fuero común (datos.gob.mx vía incidencia-delictiva)
26,SONORA,2022,58.008,0.2666,1.1662,2.1657,SESNSP víctimas fuero común (datos.gob.mx vía incidencia-delictiva)
26,SONORA,2023,46.3105,1.8155,1.0233,2.8387,SESNSP víctimas fuero común (datos.gob.mx vía incidencia-delictiva)
26,SONORA,2024,46.3407,1.5371,0.8503,2.5509,SESNSP víctimas fuero común (datos.gob.mx vía incidencia-delictiva)
27,TABASCO,2010,0.0,0.0,0.0,0.0,SESNSP víctimas fuero común (datos.gob.mx vía incidencia-delictiva)
27,TABASCO,2011,0.0,0.0,0.0,0.0,SESNSP víctimas fuero común (datos.gob.mx vía incidencia-delictiva)
27,TABASCO,2012,0.0,0.0,0.0,0.0,SESNSP víctimas fuero común (datos.gob.mx vía incidencia-delictiva)
27,TABASCO,2013,0.0,0.0,0.0,0.0,SESNSP víctimas fuero común (datos.gob.mx vía incidencia-delictiva)
27,TABASCO,2014,0.0,0.0,0.0,0.0,SESNSP víctimas fuero común (datos.gob.mx vía incidencia-delictiva)
27,TABASCO,2015,10.5145,3.4905,0.3447,7.7997,SESNSP víctimas fuero común (datos.gob.mx vía incidencia-delictiva)
27,TABASCO,2016,12.1095,3.8511,1.2409,6.3757,SESNSP víctimas fuero común (datos.gob.mx vía incidencia-delictiva)
27,TABASCO,2017,17.0817,3.6118,1.1898,10.9629,SESNSP víctimas fuero común (datos.gob.mx vía incidencia-delictiva)
27,TABASCO,2018,24.0527,4.8949,1.6879,13.9674,SESNSP víctimas fuero común (datos.gob.mx vía incidencia-delictiva)
27,TABASCO,2019,28.0781,1.9697,1.1315,9.8064,SESNSP víctimas fuero común (datos.gob.mx vía incidencia-delictiva)
27,TABASCO,2020,25.1395,1.5816,0.6243,4.3703,SESNSP víctimas fuero común (datos.gob.mx vía incidencia-delictiva)
27,TABASCO,2021,18.6441,0.9921,0.6201,4.2993,SESNSP víctimas fuero común (datos.gob.mx vía incidencia-delictiva)
27,TABASCO,2022,13.468,0.657,0.698,5.5022,SESNSP víctimas fuero común (datos.gob.mx vía incidencia-delictiva)
27,TABASCO,2023,10.319,0.8565,0.7342,4.1602,SESNSP víctimas fuero común (datos.gob.mx vía incidencia-delictiva)
27,TABASCO,2024,36.1398,1.9447,1.1749,5.8342,SESNSP víctimas fuero común (datos.gob.mx vía incidencia-delictiva)
28,TAMAULIPAS,2010,0.0,0.0,0.0,0.0,SESNSP víctimas fuero común (datos.gob.mx vía incidencia-delictiva)
28,TAMAULIPAS,2011,0.0,0.0,0.0,0.0,SESNSP víctimas fuero común (datos.gob.mx vía incidencia-delictiva)
28,TAMAULIPAS,2012,0.0,0.0,0.0,0.0,SESNSP víctimas fuero común (datos.gob.mx vía incidencia-delictiva)
28,TAMAULIPAS,2013,0.0,0.0,0.0,0.0,SESNSP víctimas fuero común (datos.gob.mx vía incidencia-delictiva)
28,TAMAULIPAS,2014,0.0,0.0,0.0,0.0,SESNSP víctimas fuero común (datos.gob.mx vía incidencia-delictiva)
28,TAMAULIPAS,2015,22.424,9.6229,0.0,5.5913,SESNSP víctimas fuero común (datos.gob.mx vía incidencia-delictiva)
28,TAMAULIPAS,2016,24.8827,6.9216,0.0292,3.1249,SESNSP víctimas fuero común (datos.gob.mx vía incidencia-delictiva)
28,TAMAULIPAS,2017,30.4639,5.7681,0.1739,5.3334,SESNSP víctimas fuero común (datos.gob.mx vía incidencia-delictiva)
28,TAMAULIPAS,2018,31.4739,4.2579,0.374,4.0853,SESNSP víctimas fuero común (datos.gob.mx vía incidencia-delictiva)
28,TAMAULIPAS,2019,24.216,1.3422,0.4569,3.5696,SESNSP víctimas fuero común (datos.gob.mx vía incidencia-delictiva)
28,TAMAULIPAS,2020,20.0695,1.0205,0.3118,3.9969,SESNSP víctimas fuero común (datos.gob.mx vía incidencia-delictiva)
28,TAMAULIPAS,2021,19.7543,1.21,0.1407,2.7014,SESNSP víctimas fuero común (datos.gob.mx vía incidencia-delictiva)
28,TAMAULIPAS,2022,13.2139,0.6425,0.5308,3.2406,SESNSP víctimas fuero común (datos.gob.mx vía incidencia-delictiva)
28,TAMAULIPAS,2023,13.1744,1.47,0.4992,3.0786,SESNSP víctimas fuero común (datos.gob.mx vía incidencia-delictiva)
28,TAMAULIPAS,2024,10.602,1.8726,0.7435,2.8639,SESNSP víctimas fuero común (datos.gob.mx vía incidencia-delictiva)
29,TLAXCALA,2010,0.0,0.0,0.0,0.0,SESNSP víctimas fuero común (datos.gob.mx vía incidencia-delictiva)
29,TLAXCALA,2011,0.0,0.0,0.0,0.0,SESNSP víctimas fuero común (datos.gob.mx vía incidencia-delictiva)
29,TLAXCALA,2012,0.0,0.0,0.0,0.0,SESNSP víctimas fuero común (datos.gob.mx vía incidencia-delictiva)
29,TLAXCALA,2013,0.0,0.0,0.0,0.0,SESNSP víctimas fuero común (datos.gob.mx vía incidencia-delictiva)
29,TLAXCALA,2014,0.0,0.0,0.0,0.0,SESNSP víctimas fuero común (datos.gob.mx vía incidencia-delictiva)
29,TLAXCALA,2015,4.7753,0.7163,0.0796,0.7163,SESNSP víctimas fuero común (datos.gob.mx vía incidencia-delictiva)
29,TLAXCALA,2016,6.4376,0.471,0.157,0.0,SESNSP víctimas fuero común (datos.gob.mx vía incidencia-delictiva)
29,TLAXCALA,2017,9.2947,0.6971,0.3098,0.6196,SESNSP víctimas fuero común (datos.gob.mx vía incidencia-delictiva)
29,TLAXCALA,2018,9.7832,0.2293,0.6879,0.0764,SESNSP víctimas fuero común (datos.gob.mx vía incidencia-delictiva)
29,TLAXCALA,2019,12.8991,1.5841,0.7543,0.1509,SESNSP víctimas fuero común (datos.gob.mx vía incidencia-delictiva)
29,TLAXCALA,2020,8.8609,2.2338,0.6702,0.1489,SESNSP víctimas fuero común (datos.gob.mx vía incidencia-delictiva)
29,TLAXCALA,2021,9.0422,0.7351,0.8087,0.2941,SESNSP víctimas fuero común (datos.gob.mx vía incidencia-delictiva)
29,TLAXCALA,2022,10.3079,0.6533,0.363,0.5081,SESNSP víctimas fuero común (datos.gob.mx vía incidencia-delictiva)
29,TLAXCALA,2023,8.1727,0.2151,0.8603,0.2151,SESNSP víctimas fuero común (datos.gob.mx vía incidencia-delictiva)
29,TLAXCALA,2024,10.0553,1.2746,0.9914,0.0708,SESNSP víctimas fuero común (datos.gob.mx vía incidencia-delictiva)
30,VERACRUZ,2010,0.0,0.0,0.0,0.0,SESNSP víctimas fuero común (datos.gob.mx vía incidencia-delictiva)
30,VERACRUZ,2011,0.0,0.0,0.0,0.0,SESNSP víctimas fuero común (datos.gob.mx vía incidencia-delictiva)
30,VERACRUZ,2012,0.0,0.0,0.0,0.0,SESNSP víctimas fuero común (datos.gob.mx vía incidencia-delictiva)
30,VERACRUZ,2013,0.0,0.0,0.0,0.0,SESNSP víctimas fuero común (datos.gob.mx vía incidencia-delictiva)
30,VERACRUZ,2014,0.0,0.0,0.0,0.0,SESNSP víctimas fuero común (datos.gob.mx vía incidencia-delictiva)
30,VERACRUZ,2015,7.3094,1.4772,0.5221,1.6682,SESNSP víctimas fuero común (datos.gob.mx vía incidencia-delictiva)
30,VERACRUZ,2016,18.5185,1.7986,0.7727,2.432,SESNSP víctimas fuero común (datos.gob.mx vía incidencia-delictiva)
30,VERACRUZ,2017,25.3,2.4443,1.26,7.7236,SESNSP víctimas fuero común (datos.gob.mx vía incidencia-delictiva)
30,VERACRUZ,2018,21.5825,2.3688,1.3285,7.4323,SESNSP víctimas fuero común (datos.gob.mx vía incidencia-delictiva)
30,VERACRUZ,2019,21.133,4.1019,1.2343,10.4356,SESNSP víctimas fuero común (datos.gob.mx vía incidencia-delictiva)
30,VERACRUZ,2020,18.2324,1.6992,0.9178,8.955,SESNSP víctimas fuero común (datos.gob.mx vía incidencia-delictiva)
30,VERACRUZ,2021,15.4112,0.839,0.839,9.4762,SESNSP víctimas fuero común (datos.gob.mx vía incidencia-delictiva)
30,VERACRUZ,2022,12.0911,1.1171,0.8224,10.5199,SESNSP víctimas fuero común (datos.gob.mx vía incidencia-delictiva)
30,VERACRUZ,2023,11.7728,0.4152,0.5496,11.1377,SESNSP víctimas fuero común (datos.gob.mx vía incidencia-delictiva)
30,VERACRUZ,2024,11.0202,0.4496,0.6804,11.7857,SESNSP víctimas fuero común (datos.gob.mx vía incidencia-delictiva)
31,YUCATAN,2010,0.0,0.0,0.0,0.0,SESNSP víctimas fuero común (datos.gob.mx vía incidencia-delictiva)
31,YUCATAN,2011,0.0,0.0,0.0,0.0,SESNSP víctimas fuero común (datos.gob.mx vía incidencia-delictiva)
31,YUCATAN,2012,0.0,0.0,0.0,0.0,SESNSP víctimas fuero común (datos.gob.mx vía incidencia-delictiva)
31,YUCATAN,2013,0.0,0.0,0.0,0.0,SESNSP víctimas fuero común (datos.gob.mx vía incidencia-delictiva)
31,YUCATAN,2014,0.0,0.0,0.0,0.0,SESNSP víctimas fuero común (datos.gob.mx vía incidencia-delictiva)
31,YUCATAN,2015,2.4319,0.0,0.0468,3.1802,SESNSP víctimas fuero común (datos.gob.mx vía incidencia-delictiva)
31,YUCATAN,2016,2.2991,0.046,0.046,2.621,SESNSP víctimas fuero común (datos.gob.mx vía incidencia-delictiva)
31,YUCATAN,2017,1.7184,0.0,0.407,1.4923,SESNSP víctimas fuero común (datos.gob.mx vía incidencia-delictiva)
31,YUCATAN,2018,2.1354,0.0,0.3114,0.2224,SESNSP víctimas fuero común (datos.gob.mx vía incidencia-delictiva)
31,YUCATAN,2019,1.4446,0.0,0.1313,0.3064,SESNSP víctimas fuero común (datos.gob.mx vía incidencia-delictiva)
31,YUCATAN,2020,2.3267,0.0,0.2585,0.0431,SESNSP víctimas fuero común (datos.gob.mx vía incidencia-delictiva)
31,YUCATAN,2021,1.7816,0.0424,0.2121,0.1273,SESNSP víctimas fuero común (datos.gob.mx vía incidencia-delictiva)
31,YUCATAN,2022,1.6291,0.0,0.2089,0.4177,SESNSP víctimas fuero común (datos.gob.mx vía incidencia-delictiva)
31,YUCATAN,2023,1.3989,0.0,0.3292,0.576,SESNSP víctimas fuero común (datos.gob.mx vía incidencia-delictiva)
31,YUCATAN,2024,1.7835,0.0,0.2837,0.0405,SESNSP víctimas fuero común (datos.gob.mx vía incidencia-delictiva)
32,ZACATECAS,2010,0.0,0.0,0.0,0.0,SESNSP víctimas fuero común (datos.gob.mx vía incidencia-delictiva)
32,ZACATECAS,2011,0.0,0.0,0.0,0.0,SESNSP víctimas fuero común (datos.gob.mx vía incidencia-delictiva)
32,ZACATECAS,2012,0.0,0.0,0.0,0.0,SESNSP víctimas fuero común (datos.gob.mx vía incidencia-delictiva)
32,ZACATECAS,2013,0.0,0.0,0.0,0.0,SESNSP víctimas fuero común (datos.gob.mx vía incidencia-delictiva)
32,ZACATECAS,2014,0.0,0.0,0.0,0.0,SESNSP víctimas fuero común (datos.gob.mx vía incidencia-delictiva)
32,ZACATECAS,2015,18.3757,1.7348,0.0,6.2966,SESNSP víctimas fuero común (datos.gob.mx vía incidencia-delictiva)
32,ZACATECAS,2016,35.1693,2.9945,0.7008,5.2244,SESNSP víctimas fuero común (datos.gob.mx vía incidencia-delictiva)
32,ZACATECAS,2017,42.6487,4.6756,0.8214,12.4471,SESNSP víctimas fuero común (datos.gob.mx vía incidencia-delictiva)
32,ZACATECAS,2018,42.9867,2.8825,1.3159,15.2271,SESNSP víctimas fuero común (datos.gob.mx vía incidencia-delictiva)
32,ZACATECAS,2019,39.4036,3.4804,0.6837,22.0635,SESNSP víctimas fuero común (datos.gob.mx vía incidencia-delictiva)
32,ZACATECAS,2020,65.6541,2.8358,0.6165,23.6725,SESNSP víctimas fuero común (datos.gob.mx vía incidencia-delictiva)
32,ZACATECAS,2021,99.3711,1.4676,0.7338,31.4318,SESNSP víctimas fuero común (datos.gob.mx vía incidencia-delictiva)
32,ZACATECAS,2022,81.2894,0.6066,0.91,31.9698,SESNSP víctimas fuero común (datos.gob.mx vía incidencia-delictiva)
32,ZACATECAS,2023,58.9199,0.662,0.7824,4.7545,SESNSP víctimas fuero común (datos.gob.mx vía incidencia-delictiva)
32,ZACATECAS,2024,29.8556,0.5374,0.4777,3.7021,SESNSP víctimas fuero común (datos.gob.mx vía incidencia-delictiva)
